ISO-10303-21;
HEADER;
FILE_DESCRIPTION (( 'STEP AP214' ),
    '1' );
FILE_NAME ('NCP51820.STEP',
    '2023-07-18T11:16:36',
    ( 'USER' ),
    ( '' ),
    'SwSTEP 2.0',
    'SolidWorks 2016',
    '' );
FILE_SCHEMA (( 'AUTOMOTIVE_DESIGN' ));
ENDSEC;

DATA;
#1 = VECTOR ( 'NONE', #1852, 1000.000000000000000 ) ;
#2 = DIRECTION ( 'NONE',  ( -0.0000000000000000000, -0.0000000000000000000, -1.000000000000000000 ) ) ;
#3 = ORIENTED_EDGE ( 'NONE', *, *, #941, .F. ) ;
#4 = AXIS2_PLACEMENT_3D ( 'NONE', #1044, #1080, #1090 ) ;
#5 = FACE_OUTER_BOUND ( 'NONE', #2737, .T. ) ;
#6 = CARTESIAN_POINT ( 'NONE',  ( 1.153000000000000000, -1.510999999999999900, 0.0000000000000000000 ) ) ;
#7 = FILL_AREA_STYLE ('',( #1493 ) ) ;
#8 = SURFACE_STYLE_USAGE ( .BOTH. , #2504 ) ;
#9 = CARTESIAN_POINT ( 'NONE',  ( 0.8479999999999999800, 1.510999999999999900, 0.0000000000000000000 ) ) ;
#10 = ORIENTED_EDGE ( 'NONE', *, *, #2548, .F. ) ;
#11 = CARTESIAN_POINT ( 'NONE',  ( 1.510999999999999900, -0.1520000000000000000, 0.0000000000000000000 ) ) ;
#12 = EDGE_CURVE ( 'NONE', #1157, #2451, #1479, .T. ) ;
#13 = VERTEX_POINT ( 'NONE', #312 ) ;
#14 = DIRECTION ( 'NONE',  ( 0.0000000000000000000, -1.000000000000000000, 0.0000000000000000000 ) ) ;
#15 = EDGE_CURVE ( 'NONE', #2224, #1347, #2536, .T. ) ;
#16 = EDGE_LOOP ( 'NONE', ( #783, #10, #165, #2089 ) ) ;
#17 = ORIENTED_EDGE ( 'NONE', *, *, #660, .T. ) ;
#18 = CARTESIAN_POINT ( 'NONE',  ( 0.8479999999999999800, -2.019000000000000100, 0.0000000000000000000 ) ) ;
#19 = CARTESIAN_POINT ( 'NONE',  ( -2.019000000000000100, -0.3479999999999999800, 0.0000000000000000000 ) ) ;
#20 = LINE ( 'NONE', #1240, #1655 ) ;
#21 = EDGE_LOOP ( 'NONE', ( #238, #1365, #2375, #2651 ) ) ;
#22 = DIRECTION ( 'NONE',  ( -0.0000000000000000000, 0.0000000000000000000, -1.000000000000000000 ) ) ;
#23 = PRESENTATION_STYLE_ASSIGNMENT (( #460 ) ) ;
#24 =( LENGTH_UNIT ( ) NAMED_UNIT ( * ) SI_UNIT ( .MILLI., .METRE. ) );
#25 = VECTOR ( 'NONE', #331, 1000.000000000000000 ) ;
#26 = VECTOR ( 'NONE', #1167, 1000.000000000000000 ) ;
#27 = VERTEX_POINT ( 'NONE', #970 ) ;
#28 = EDGE_CURVE ( 'NONE', #2715, #1318, #2617, .T. ) ;
#29 =( LENGTH_UNIT ( ) NAMED_UNIT ( * ) SI_UNIT ( .MILLI., .METRE. ) );
#30 = CARTESIAN_POINT ( 'NONE',  ( 1.153000000000000000, 2.019000000000000100, 0.05099999999999999700 ) ) ;
#31 = VECTOR ( 'NONE', #703, 1000.000000000000000 ) ;
#32 = AXIS2_PLACEMENT_3D ( 'NONE', #853, #1076, #2560 ) ;
#33 = FACE_OUTER_BOUND ( 'NONE', #2236, .T. ) ;
#34 = DIRECTION ( 'NONE',  ( 1.000000000000000000, 0.0000000000000000000, -0.0000000000000000000 ) ) ;
#35 = ORIENTED_EDGE ( 'NONE', *, *, #2687, .F. ) ;
#36 = ADVANCED_BREP_SHAPE_REPRESENTATION ( 'NCP51820', ( #1053, #2036, #259, #1527, #2121, #2629, #334, #847, #648, #1147, #2408, #2010, #2492, #1558, #2535, #130, #1629, #927 ), #2400 ) ;
#37 = VERTEX_POINT ( 'NONE', #742 ) ;
#38 = CARTESIAN_POINT ( 'NONE',  ( 0.6530000000000000200, -2.019000000000000100, 0.0000000000000000000 ) ) ;
#39 = DIRECTION ( 'NONE',  ( 1.000000000000000000, -0.0000000000000000000, 0.0000000000000000000 ) ) ;
#40 = CARTESIAN_POINT ( 'NONE',  ( -2.019000000000000100, 1.153000000000000000, 0.0000000000000000000 ) ) ;
#41 = CARTESIAN_POINT ( 'NONE',  ( -1.615000000000000200, 1.500000000000000000, 0.8920000000000000200 ) ) ;
#42 = VERTEX_POINT ( 'NONE', #1815 ) ;
#43 = AXIS2_PLACEMENT_3D ( 'NONE', #299, #741, #616 ) ;
#44 = VERTEX_POINT ( 'NONE', #584 ) ;
#45 = DIRECTION ( 'NONE',  ( -0.0000000000000000000, 0.0000000000000000000, -1.000000000000000000 ) ) ;
#46 = CARTESIAN_POINT ( 'NONE',  ( 1.510999999999999900, -0.1520000000000000000, 0.0000000000000000000 ) ) ;
#47 = DIRECTION ( 'NONE',  ( 0.0000000000000000000, 0.0000000000000000000, 1.000000000000000000 ) ) ;
#48 = DIRECTION ( 'NONE',  ( 0.0000000000000000000, 0.0000000000000000000, 1.000000000000000000 ) ) ;
#49 = VERTEX_POINT ( 'NONE', #2023 ) ;
#50 = SURFACE_SIDE_STYLE ('',( #1897 ) ) ;
#51 = LINE ( 'NONE', #158, #307 ) ;
#52 = DIRECTION ( 'NONE',  ( 0.0000000000000000000, -0.0000000000000000000, 1.000000000000000000 ) ) ;
#53 = ORIENTED_EDGE ( 'NONE', *, *, #782, .F. ) ;
#54 = LINE ( 'NONE', #2325, #502 ) ;
#55 = ORIENTED_EDGE ( 'NONE', *, *, #919, .T. ) ;
#56 = EDGE_CURVE ( 'NONE', #356, #1982, #1399, .T. ) ;
#57 = FACE_OUTER_BOUND ( 'NONE', #2433, .T. ) ;
#58 = VERTEX_POINT ( 'NONE', #1245 ) ;
#59 = EDGE_CURVE ( 'NONE', #1242, #519, #1901, .T. ) ;
#60 = VECTOR ( 'NONE', #1224, 1000.000000000000000 ) ;
#61 = EDGE_CURVE ( 'NONE', #1315, #1214, #2455, .T. ) ;
#62 = DIRECTION ( 'NONE',  ( -0.0000000000000000000, 0.0000000000000000000, -1.000000000000000000 ) ) ;
#63 = CARTESIAN_POINT ( 'NONE',  ( 1.510999999999999900, 0.3479999999999999800, 0.0000000000000000000 ) ) ;
#64 = AXIS2_PLACEMENT_3D ( 'NONE', #304, #2212, #733 ) ;
#65 = LINE ( 'NONE', #2173, #2254 ) ;
#66 = STYLED_ITEM ( 'NONE', ( #1654 ), #36 ) ;
#67 = VECTOR ( 'NONE', #399, 1000.000000000000000 ) ;
#68 = ORIENTED_EDGE ( 'NONE', *, *, #419, .F. ) ;
#69 = MECHANICAL_DESIGN_GEOMETRIC_PRESENTATION_REPRESENTATION (  '', ( #2403 ), #206 ) ;
#70 = ORIENTED_EDGE ( 'NONE', *, *, #1205, .F. ) ;
#71 = CARTESIAN_POINT ( 'NONE',  ( 1.510999999999999900, 1.153000000000000000, 0.0000000000000000000 ) ) ;
#72 = CARTESIAN_POINT ( 'NONE',  ( -0.6530000000000000200, -1.510999999999999900, 0.0000000000000000000 ) ) ;
#73 = ADVANCED_FACE ( 'NONE', ( #191 ), #1005, .T. ) ;
#74 = EDGE_CURVE ( 'NONE', #1232, #708, #1824, .T. ) ;
#75 = ORIENTED_EDGE ( 'NONE', *, *, #811, .T. ) ;
#76 = EDGE_CURVE ( 'NONE', #253, #869, #761, .T. ) ;
#77 = DIRECTION ( 'NONE',  ( -1.000000000000000000, 0.0000000000000000000, -0.0000000000000000000 ) ) ;
#78 = VECTOR ( 'NONE', #1436, 1000.000000000000000 ) ;
#79 = EDGE_LOOP ( 'NONE', ( #1491, #1303, #717, #2130 ) ) ;
#80 = ORIENTED_EDGE ( 'NONE', *, *, #643, .F. ) ;
#81 = ADVANCED_FACE ( 'NONE', ( #2397 ), #1040, .T. ) ;
#82 = FACE_OUTER_BOUND ( 'NONE', #1772, .T. ) ;
#83 = SURFACE_STYLE_FILL_AREA ( #2077 ) ;
#84 = CARTESIAN_POINT ( 'NONE',  ( 1.510999999999999900, 0.6530000000000000200, 0.0000000000000000000 ) ) ;
#85 = LINE ( 'NONE', #700, #600 ) ;
#86 = VECTOR ( 'NONE', #298, 1000.000000000000000 ) ;
#87 = ORIENTED_EDGE ( 'NONE', *, *, #971, .F. ) ;
#88 = CARTESIAN_POINT ( 'NONE',  ( -2.019000000000000100, 0.8479999999999999800, 0.05099999999999999700 ) ) ;
#89 = VERTEX_POINT ( 'NONE', #996 ) ;
#90 = LINE ( 'NONE', #2465, #2288 ) ;
#91 = EDGE_CURVE ( 'NONE', #1359, #1600, #1283, .T. ) ;
#92 = LINE ( 'NONE', #2587, #2291 ) ;
#93 = DIRECTION ( 'NONE',  ( 1.000000000000000000, 0.0000000000000000000, -0.0000000000000000000 ) ) ;
#94 = ADVANCED_FACE ( 'NONE', ( #124 ), #293, .T. ) ;
#95 = EDGE_LOOP ( 'NONE', ( #1155, #1883, #942, #1128 ) ) ;
#96 = DIRECTION ( 'NONE',  ( -1.000000000000000000, 0.0000000000000000000, -0.0000000000000000000 ) ) ;
#97 = DIRECTION ( 'NONE',  ( 0.0000000000000000000, 1.000000000000000000, 0.0000000000000000000 ) ) ;
#98 = APPLICATION_PROTOCOL_DEFINITION ( 'draft international standard', 'automotive_design', 1998, #1381 ) ;
#99 = EDGE_LOOP ( 'NONE', ( #1552, #405, #2406, #936 ) ) ;
#100 = ORIENTED_EDGE ( 'NONE', *, *, #1556, .F. ) ;
#101 = ORIENTED_EDGE ( 'NONE', *, *, #2687, .T. ) ;
#102 = VERTEX_POINT ( 'NONE', #170 ) ;
#103 = CARTESIAN_POINT ( 'NONE',  ( -2.019000000000000100, 0.6530000000000000200, 0.05099999999999999700 ) ) ;
#104 = DIRECTION ( 'NONE',  ( 1.000000000000000000, -0.0000000000000000000, 0.0000000000000000000 ) ) ;
#105 = EDGE_CURVE ( 'NONE', #356, #2203, #1202, .T. ) ;
#106 = ORIENTED_EDGE ( 'NONE', *, *, #1993, .T. ) ;
#107 =( GEOMETRIC_REPRESENTATION_CONTEXT ( 3 ) GLOBAL_UNCERTAINTY_ASSIGNED_CONTEXT ( ( #1028 ) ) GLOBAL_UNIT_ASSIGNED_CONTEXT ( ( #1285, #2780, #1495 ) ) REPRESENTATION_CONTEXT ( 'NONE', 'WORKASPACE' ) );
#108 = CARTESIAN_POINT ( 'NONE',  ( 1.153000000000000000, -1.510999999999999900, 0.0000000000000000000 ) ) ;
#109 = FACE_OUTER_BOUND ( 'NONE', #1029, .T. ) ;
#110 = CARTESIAN_POINT ( 'NONE',  ( -0.6530000000000000200, -1.510999999999999900, 0.0000000000000000000 ) ) ;
#111 = ORIENTED_EDGE ( 'NONE', *, *, #74, .F. ) ;
#112 = AXIS2_PLACEMENT_3D ( 'NONE', #1541, #1743, #477 ) ;
#113 = EDGE_LOOP ( 'NONE', ( #1658, #1735, #2250, #2003 ) ) ;
#114 = PRESENTATION_STYLE_ASSIGNMENT (( #1875 ) ) ;
#115 = FACE_OUTER_BOUND ( 'NONE', #2175, .T. ) ;
#116 = ORIENTED_EDGE ( 'NONE', *, *, #378, .T. ) ;
#117 = FACE_OUTER_BOUND ( 'NONE', #1530, .T. ) ;
#118 = DIRECTION ( 'NONE',  ( -1.000000000000000000, 0.0000000000000000000, -0.0000000000000000000 ) ) ;
#119 =( LENGTH_UNIT ( ) NAMED_UNIT ( * ) SI_UNIT ( .MILLI., .METRE. ) );
#120 = VECTOR ( 'NONE', #1394, 1000.000000000000000 ) ;
#121 = CARTESIAN_POINT ( 'NONE',  ( 0.8479999999999999800, -2.019000000000000100, 0.05099999999999999700 ) ) ;
#122 = EDGE_CURVE ( 'NONE', #1455, #1033, #644, .T. ) ;
#123 = AXIS2_PLACEMENT_3D ( 'NONE', #1497, #1070, #2332 ) ;
#124 = FACE_OUTER_BOUND ( 'NONE', #884, .T. ) ;
#125 = ORIENTED_EDGE ( 'NONE', *, *, #138, .F. ) ;
#126 = PLANE ( 'NONE',  #518 ) ;
#127 = ORIENTED_EDGE ( 'NONE', *, *, #1744, .T. ) ;
#128 = CARTESIAN_POINT ( 'NONE',  ( -0.3479999999999999800, -1.510999999999999900, 0.0000000000000000000 ) ) ;
#129 = ORIENTED_EDGE ( 'NONE', *, *, #830, .T. ) ;
#130 = MANIFOLD_SOLID_BREP ( 'Imported16', #633 ) ;
#131 = ORIENTED_EDGE ( 'NONE', *, *, #2686, .T. ) ;
#132 = PLANE ( 'NONE',  #2141 ) ;
#133 = CARTESIAN_POINT ( 'NONE',  ( -2.019000000000000100, 0.8479999999999999800, 0.0000000000000000000 ) ) ;
#134 = CARTESIAN_POINT ( 'NONE',  ( -2.019000000000000100, 0.3479999999999999800, 0.0000000000000000000 ) ) ;
#135 = PLANE ( 'NONE',  #2253 ) ;
#136 = AXIS2_PLACEMENT_3D ( 'NONE', #840, #1701, #420 ) ;
#137 = ADVANCED_FACE ( 'NONE', ( #446 ), #2308, .T. ) ;
#138 = EDGE_CURVE ( 'NONE', #44, #877, #940, .T. ) ;
#139 = EDGE_CURVE ( 'NONE', #2374, #625, #2645, .T. ) ;
#140 = ADVANCED_FACE ( 'NONE', ( #1519 ), #196, .T. ) ;
#141 = FACE_OUTER_BOUND ( 'NONE', #848, .T. ) ;
#142 = ORIENTED_EDGE ( 'NONE', *, *, #2409, .F. ) ;
#143 = DIRECTION ( 'NONE',  ( -1.000000000000000000, 0.0000000000000000000, -0.0000000000000000000 ) ) ;
#144 = CARTESIAN_POINT ( 'NONE',  ( -0.8479999999999999800, 1.510999999999999900, 0.05099999999999999700 ) ) ;
#145 = DIRECTION ( 'NONE',  ( 1.000000000000000000, 0.0000000000000000000, -0.0000000000000000000 ) ) ;
#146 = DIRECTION ( 'NONE',  ( 1.000000000000000000, 0.0000000000000000000, -0.0000000000000000000 ) ) ;
#147 = FACE_OUTER_BOUND ( 'NONE', #1950, .T. ) ;
#148 = ORIENTED_EDGE ( 'NONE', *, *, #1207, .F. ) ;
#149 = ORIENTED_EDGE ( 'NONE', *, *, #1268, .F. ) ;
#150 = ADVANCED_FACE ( 'NONE', ( #883 ), #1907, .T. ) ;
#151 = LINE ( 'NONE', #1244, #1859 ) ;
#152 = ORIENTED_EDGE ( 'NONE', *, *, #1877, .T. ) ;
#153 = CARTESIAN_POINT ( 'NONE',  ( 0.1520000000000000000, -1.510999999999999900, 0.0000000000000000000 ) ) ;
#154 = PLANE ( 'NONE',  #2135 ) ;
#155 = EDGE_CURVE ( 'NONE', #1591, #1922, #2004, .T. ) ;
#156 = ORIENTED_EDGE ( 'NONE', *, *, #194, .F. ) ;
#157 = PRESENTATION_LAYER_ASSIGNMENT (  '', '', ( #2657 ) ) ;
#158 = CARTESIAN_POINT ( 'NONE',  ( 1.510999999999999900, -0.3479999999999999800, 0.0000000000000000000 ) ) ;
#159 = CARTESIAN_POINT ( 'NONE',  ( 1.510999999999999900, -1.153000000000000000, 0.05099999999999999700 ) ) ;
#160 = STYLED_ITEM ( 'NONE', ( #824 ), #2036 ) ;
#161 = CLOSED_SHELL ( 'NONE', ( #2717, #81, #578, #351, #94, #529 ) ) ;
#162 = DIRECTION ( 'NONE',  ( -1.000000000000000000, 0.0000000000000000000, -0.0000000000000000000 ) ) ;
#163 = ORIENTED_EDGE ( 'NONE', *, *, #1231, .F. ) ;
#164 = ADVANCED_FACE ( 'NONE', ( #2494 ), #2559, .T. ) ;
#165 = ORIENTED_EDGE ( 'NONE', *, *, #1397, .F. ) ;
#166 = DIRECTION ( 'NONE',  ( -0.0000000000000000000, -1.000000000000000000, -0.0000000000000000000 ) ) ;
#167 =( LENGTH_UNIT ( ) NAMED_UNIT ( * ) SI_UNIT ( .MILLI., .METRE. ) );
#168 = CARTESIAN_POINT ( 'NONE',  ( 1.510999999999999900, -0.8479999999999999800, 0.05099999999999999700 ) ) ;
#169 = CARTESIAN_POINT ( 'NONE',  ( 0.8479999999999999800, 1.510999999999999900, 0.0000000000000000000 ) ) ;
#170 = CARTESIAN_POINT ( 'NONE',  ( 1.153000000000000000, -2.019000000000000100, 0.0000000000000000000 ) ) ;
#171 = DIRECTION ( 'NONE',  ( 0.0000000000000000000, 1.000000000000000000, 0.0000000000000000000 ) ) ;
#172 = ORIENTED_EDGE ( 'NONE', *, *, #209, .F. ) ;
#173 = DIRECTION ( 'NONE',  ( -0.0000000000000000000, -1.000000000000000000, -0.0000000000000000000 ) ) ;
#174 = FACE_OUTER_BOUND ( 'NONE', #1042, .T. ) ;
#175 = ORIENTED_EDGE ( 'NONE', *, *, #2056, .F. ) ;
#176 = CARTESIAN_POINT ( 'NONE',  ( 2.019000000000000100, 0.1520000000000000000, 0.0000000000000000000 ) ) ;
#177 = VECTOR ( 'NONE', #2514, 1000.000000000000000 ) ;
#178 = LINE ( 'NONE', #2776, #1332 ) ;
#179 = VERTEX_POINT ( 'NONE', #2119 ) ;
#180 = PLANE ( 'NONE',  #305 ) ;
#181 = AXIS2_PLACEMENT_3D ( 'NONE', #653, #438, #1715 ) ;
#182 = DIRECTION ( 'NONE',  ( -0.0000000000000000000, 0.0000000000000000000, -1.000000000000000000 ) ) ;
#183 = LINE ( 'NONE', #1421, #1335 ) ;
#184 =( NAMED_UNIT ( * ) SI_UNIT ( $, .STERADIAN. ) SOLID_ANGLE_UNIT ( ) );
#185 = VECTOR ( 'NONE', #337, 1000.000000000000000 ) ;
#186 = ORIENTED_EDGE ( 'NONE', *, *, #880, .T. ) ;
#187 = CARTESIAN_POINT ( 'NONE',  ( -1.153000000000000000, 2.019000000000000100, 0.05099999999999999700 ) ) ;
#188 = PLANE ( 'NONE',  #2444 ) ;
#189 = EDGE_LOOP ( 'NONE', ( #652, #925 ) ) ;
#190 =( NAMED_UNIT ( * ) PLANE_ANGLE_UNIT ( ) SI_UNIT ( $, .RADIAN. ) );
#191 = FACE_OUTER_BOUND ( 'NONE', #1174, .T. ) ;
#192 = CARTESIAN_POINT ( 'NONE',  ( 0.8479999999999999800, 1.510999999999999900, 0.05099999999999999700 ) ) ;
#193 = EDGE_CURVE ( 'NONE', #2046, #1995, #294, .T. ) ;
#194 = EDGE_CURVE ( 'NONE', #1375, #2272, #1941, .T. ) ;
#195 = ORIENTED_EDGE ( 'NONE', *, *, #2132, .T. ) ;
#196 = PLANE ( 'NONE',  #136 ) ;
#197 = DIRECTION ( 'NONE',  ( 0.0000000000000000000, 1.000000000000000000, 0.0000000000000000000 ) ) ;
#198 = EDGE_CURVE ( 'NONE', #58, #201, #363, .T. ) ;
#199 = ORIENTED_EDGE ( 'NONE', *, *, #656, .T. ) ;
#200 = PRESENTATION_LAYER_ASSIGNMENT (  '', '', ( #66 ) ) ;
#201 = VERTEX_POINT ( 'NONE', #451 ) ;
#202 = VERTEX_POINT ( 'NONE', #1721 ) ;
#203 = PLANE ( 'NONE',  #1184 ) ;
#204 = DIRECTION ( 'NONE',  ( 0.0000000000000000000, 0.0000000000000000000, 1.000000000000000000 ) ) ;
#205 = VERTEX_POINT ( 'NONE', #1933 ) ;
#206 =( GEOMETRIC_REPRESENTATION_CONTEXT ( 3 ) GLOBAL_UNCERTAINTY_ASSIGNED_CONTEXT ( ( #2509 ) ) GLOBAL_UNIT_ASSIGNED_CONTEXT ( ( #617, #2093, #816 ) ) REPRESENTATION_CONTEXT ( 'NONE', 'WORKASPACE' ) );
#207 = SURFACE_STYLE_USAGE ( .BOTH. , #1503 ) ;
#208 = CARTESIAN_POINT ( 'NONE',  ( -1.715965000000000000, 1.500000000000000000, 0.8920000000000000200 ) ) ;
#209 = EDGE_CURVE ( 'NONE', #2757, #839, #2366, .T. ) ;
#210 = VERTEX_POINT ( 'NONE', #1296 ) ;
#211 = PLANE ( 'NONE',  #2625 ) ;
#212 = FACE_OUTER_BOUND ( 'NONE', #2376, .T. ) ;
#213 = LINE ( 'NONE', #1223, #2273 ) ;
#214 = VERTEX_POINT ( 'NONE', #1098 ) ;
#215 = EDGE_CURVE ( 'NONE', #202, #2005, #1314, .T. ) ;
#216 = CARTESIAN_POINT ( 'NONE',  ( 2.019000000000000100, 0.1520000000000000000, 0.0000000000000000000 ) ) ;
#217 = AXIS2_PLACEMENT_3D ( 'NONE', #354, #2048, #571 ) ;
#218 = CARTESIAN_POINT ( 'NONE',  ( 0.8479999999999999800, 2.019000000000000100, 0.0000000000000000000 ) ) ;
#219 = EDGE_LOOP ( 'NONE', ( #1627, #2498, #2145, #2159 ) ) ;
#220 = UNCERTAINTY_MEASURE_WITH_UNIT (LENGTH_MEASURE( 1.000000000000000100E-005 ), #2762, 'distance_accuracy_value', 'NONE');
#221 = VECTOR ( 'NONE', #657, 1000.000000000000000 ) ;
#222 = ORIENTED_EDGE ( 'NONE', *, *, #2301, .T. ) ;
#223 = FACE_OUTER_BOUND ( 'NONE', #1660, .T. ) ;
#224 = CARTESIAN_POINT ( 'NONE',  ( 2.019000000000000100, -0.8479999999999999800, 0.0000000000000000000 ) ) ;
#225 = ORIENTED_EDGE ( 'NONE', *, *, #941, .T. ) ;
#226 = AXIS2_PLACEMENT_3D ( 'NONE', #2232, #2438, #2682 ) ;
#227 = VECTOR ( 'NONE', #593, 1000.000000000000000 ) ;
#228 = DIRECTION ( 'NONE',  ( 1.000000000000000000, -0.0000000000000000000, 0.0000000000000000000 ) ) ;
#229 = FILL_AREA_STYLE ('',( #1517 ) ) ;
#230 = DIRECTION ( 'NONE',  ( 0.0000000000000000000, 1.000000000000000000, 0.0000000000000000000 ) ) ;
#231 = VECTOR ( 'NONE', #2353, 1000.000000000000000 ) ;
#232 = PLANE ( 'NONE',  #1694 ) ;
#233 = ORIENTED_EDGE ( 'NONE', *, *, #1921, .T. ) ;
#234 =( NAMED_UNIT ( * ) SI_UNIT ( $, .STERADIAN. ) SOLID_ANGLE_UNIT ( ) );
#235 = AXIS2_PLACEMENT_3D ( 'NONE', #2620, #1344, #62 ) ;
#236 = UNCERTAINTY_MEASURE_WITH_UNIT (LENGTH_MEASURE( 1.000000000000000100E-005 ), #24, 'distance_accuracy_value', 'NONE');
#237 =( NAMED_UNIT ( * ) SI_UNIT ( $, .STERADIAN. ) SOLID_ANGLE_UNIT ( ) );
#238 = ORIENTED_EDGE ( 'NONE', *, *, #972, .T. ) ;
#239 = CARTESIAN_POINT ( 'NONE',  ( 2.019000000000000100, 0.6530000000000000200, 0.0000000000000000000 ) ) ;
#240 = EDGE_CURVE ( 'NONE', #1145, #2052, #1248, .T. ) ;
#241 = EDGE_LOOP ( 'NONE', ( #2245, #1814, #1058, #1470 ) ) ;
#242 = DIRECTION ( 'NONE',  ( 0.0000000000000000000, -1.000000000000000000, 0.0000000000000000000 ) ) ;
#243 = PLANE ( 'NONE',  #112 ) ;
#244 = EDGE_LOOP ( 'NONE', ( #576, #416, #2528, #2676 ) ) ;
#245 = CARTESIAN_POINT ( 'NONE',  ( 0.1520000000000000000, -1.510999999999999900, 0.0000000000000000000 ) ) ;
#246 = PLANE ( 'NONE',  #2247 ) ;
#247 = VECTOR ( 'NONE', #2314, 1000.000000000000000 ) ;
#248 = EDGE_LOOP ( 'NONE', ( #951, #267, #283, #2198 ) ) ;
#249 = DIRECTION ( 'NONE',  ( 1.000000000000000000, 0.0000000000000000000, 0.0000000000000000000 ) ) ;
#250 = ORIENTED_EDGE ( 'NONE', *, *, #2193, .T. ) ;
#251 = LINE ( 'NONE', #2073, #2446 ) ;
#252 = VECTOR ( 'NONE', #2168, 1000.000000000000000 ) ;
#253 = VERTEX_POINT ( 'NONE', #1944 ) ;
#254 = EDGE_CURVE ( 'NONE', #2388, #2667, #92, .T. ) ;
#255 = CARTESIAN_POINT ( 'NONE',  ( -2.019000000000000100, 0.3479999999999999800, 0.0000000000000000000 ) ) ;
#256 = DIRECTION ( 'NONE',  ( 0.0000000000000000000, 0.0000000000000000000, 1.000000000000000000 ) ) ;
#257 = FACE_OUTER_BOUND ( 'NONE', #850, .T. ) ;
#258 = ORIENTED_EDGE ( 'NONE', *, *, #1817, .T. ) ;
#259 = MANIFOLD_SOLID_BREP ( 'Imported3', #1163 ) ;
#260 = CARTESIAN_POINT ( 'NONE',  ( 0.6530000000000000200, -1.510999999999999900, 0.0000000000000000000 ) ) ;
#261 = VECTOR ( 'NONE', #910, 1000.000000000000000 ) ;
#262 = VECTOR ( 'NONE', #1841, 1000.000000000000000 ) ;
#263 =( LENGTH_UNIT ( ) NAMED_UNIT ( * ) SI_UNIT ( .MILLI., .METRE. ) );
#264 = ORIENTED_EDGE ( 'NONE', *, *, #266, .T. ) ;
#265 = FILL_AREA_STYLE ('',( #1755 ) ) ;
#266 = EDGE_CURVE ( 'NONE', #1793, #2169, #2675, .T. ) ;
#267 = ORIENTED_EDGE ( 'NONE', *, *, #891, .F. ) ;
#268 = CARTESIAN_POINT ( 'NONE',  ( 1.510999999999999900, -0.8479999999999999800, 0.0000000000000000000 ) ) ;
#269 = ORIENTED_EDGE ( 'NONE', *, *, #565, .F. ) ;
#270 = ORIENTED_EDGE ( 'NONE', *, *, #2441, .F. ) ;
#271 = AXIS2_PLACEMENT_3D ( 'NONE', #362, #1668, #2754 ) ;
#272 = ORIENTED_EDGE ( 'NONE', *, *, #284, .F. ) ;
#273 = ADVANCED_FACE ( 'NONE', ( #1551 ), #674, .T. ) ;
#274 = LINE ( 'NONE', #2608, #1355 ) ;
#275 = LINE ( 'NONE', #756, #2563 ) ;
#276 = ORIENTED_EDGE ( 'NONE', *, *, #1788, .F. ) ;
#277 = ORIENTED_EDGE ( 'NONE', *, *, #353, .F. ) ;
#278 = SURFACE_STYLE_FILL_AREA ( #229 ) ;
#279 = PRESENTATION_STYLE_ASSIGNMENT (( #2337 ) ) ;
#280 = ORIENTED_EDGE ( 'NONE', *, *, #286, .F. ) ;
#281 = LINE ( 'NONE', #1949, #221 ) ;
#282 = PRESENTATION_STYLE_ASSIGNMENT (( #2221 ) ) ;
#283 = ORIENTED_EDGE ( 'NONE', *, *, #1502, .F. ) ;
#284 = EDGE_CURVE ( 'NONE', #2046, #1121, #1039, .T. ) ;
#285 = FACE_OUTER_BOUND ( 'NONE', #2592, .T. ) ;
#286 = EDGE_CURVE ( 'NONE', #296, #2715, #965, .T. ) ;
#287 = ORIENTED_EDGE ( 'NONE', *, *, #2362, .F. ) ;
#288 = CARTESIAN_POINT ( 'NONE',  ( -0.6530000000000000200, -1.510999999999999900, 0.0000000000000000000 ) ) ;
#289 = DIRECTION ( 'NONE',  ( 0.0000000000000000000, 0.0000000000000000000, -1.000000000000000000 ) ) ;
#290 = ADVANCED_FACE ( 'NONE', ( #398 ), #1960, .T. ) ;
#291 = FACE_OUTER_BOUND ( 'NONE', #961, .T. ) ;
#292 = ORIENTED_EDGE ( 'NONE', *, *, #1817, .F. ) ;
#293 = PLANE ( 'NONE',  #1773 ) ;
#294 = LINE ( 'NONE', #2133, #796 ) ;
#295 = ORIENTED_EDGE ( 'NONE', *, *, #1445, .F. ) ;
#296 = VERTEX_POINT ( 'NONE', #1124 ) ;
#297 = EDGE_LOOP ( 'NONE', ( #2634, #1977, #2199, #2740 ) ) ;
#298 = DIRECTION ( 'NONE',  ( 0.0000000000000000000, 1.000000000000000000, 0.0000000000000000000 ) ) ;
#299 = CARTESIAN_POINT ( 'NONE',  ( 1.510999999999999900, -0.3479999999999999800, 0.0000000000000000000 ) ) ;
#300 = ORIENTED_EDGE ( 'NONE', *, *, #2012, .T. ) ;
#301 = ADVANCED_FACE ( 'NONE', ( #318 ), #900, .T. ) ;
#302 = EDGE_CURVE ( 'NONE', #1047, #943, #2533, .T. ) ;
#303 = MECHANICAL_DESIGN_GEOMETRIC_PRESENTATION_REPRESENTATION (  '', ( #2657 ), #470 ) ;
#304 = CARTESIAN_POINT ( 'NONE',  ( -1.510999999999999900, 0.6530000000000000200, 0.0000000000000000000 ) ) ;
#305 = AXIS2_PLACEMENT_3D ( 'NONE', #2532, #1684, #407 ) ;
#306 = VECTOR ( 'NONE', #1683, 1000.000000000000000 ) ;
#307 = VECTOR ( 'NONE', #1446, 1000.000000000000000 ) ;
#308 = DIRECTION ( 'NONE',  ( -1.000000000000000000, -0.0000000000000000000, -0.0000000000000000000 ) ) ;
#309 = VECTOR ( 'NONE', #1441, 1000.000000000000000 ) ;
#310 = LINE ( 'NONE', #46, #1389 ) ;
#311 = ORIENTED_EDGE ( 'NONE', *, *, #1225, .F. ) ;
#312 = CARTESIAN_POINT ( 'NONE',  ( 2.019000000000000100, 0.3479999999999999800, 0.05099999999999999700 ) ) ;
#313 = LINE ( 'NONE', #1477, #1968 ) ;
#314 = LINE ( 'NONE', #1013, #393 ) ;
#315 = ORIENTED_EDGE ( 'NONE', *, *, #2431, .T. ) ;
#316 = AXIS2_PLACEMENT_3D ( 'NONE', #133, #745, #2696 ) ;
#317 = ORIENTED_EDGE ( 'NONE', *, *, #2346, .T. ) ;
#318 = FACE_OUTER_BOUND ( 'NONE', #248, .T. ) ;
#319 = CARTESIAN_POINT ( 'NONE',  ( 0.8479999999999999800, -1.510999999999999900, 0.0000000000000000000 ) ) ;
#320 = CARTESIAN_POINT ( 'NONE',  ( -2.019000000000000100, -0.1520000000000000000, 0.0000000000000000000 ) ) ;
#321 = VECTOR ( 'NONE', #1806, 1000.000000000000000 ) ;
#322 = DIRECTION ( 'NONE',  ( -1.000000000000000000, 0.0000000000000000000, 0.0000000000000000000 ) ) ;
#323 = ORIENTED_EDGE ( 'NONE', *, *, #588, .T. ) ;
#324 = ORIENTED_EDGE ( 'NONE', *, *, #500, .F. ) ;
#325 = ORIENTED_EDGE ( 'NONE', *, *, #2733, .T. ) ;
#326 = DIRECTION ( 'NONE',  ( -1.000000000000000000, -0.0000000000000000000, -0.0000000000000000000 ) ) ;
#327 = SURFACE_SIDE_STYLE ('',( #1764 ) ) ;
#328 = EDGE_LOOP ( 'NONE', ( #1417, #2176, #2172, #2416 ) ) ;
#329 = DIRECTION ( 'NONE',  ( -1.000000000000000000, 0.0000000000000000000, -0.0000000000000000000 ) ) ;
#330 = CARTESIAN_POINT ( 'NONE',  ( 2.019000000000000100, -0.3479999999999999800, 0.05099999999999999700 ) ) ;
#331 = DIRECTION ( 'NONE',  ( 0.0000000000000000000, 1.000000000000000000, -0.0000000000000000000 ) ) ;
#332 = EDGE_CURVE ( 'NONE', #484, #1315, #906, .T. ) ;
#333 = EDGE_CURVE ( 'NONE', #1522, #27, #1974, .T. ) ;
#334 = MANIFOLD_SOLID_BREP ( 'Imported7', #1778 ) ;
#335 = EDGE_CURVE ( 'NONE', #1908, #1833, #65, .T. ) ;
#336 = AXIS2_PLACEMENT_3D ( 'NONE', #527, #521, #1786 ) ;
#337 = DIRECTION ( 'NONE',  ( 0.0000000000000000000, 1.000000000000000000, 0.0000000000000000000 ) ) ;
#338 = MECHANICAL_DESIGN_GEOMETRIC_PRESENTATION_REPRESENTATION (  '', ( #66 ), #508 ) ;
#339 = CARTESIAN_POINT ( 'NONE',  ( 2.019000000000000100, 1.153000000000000000, 0.0000000000000000000 ) ) ;
#340 = DIRECTION ( 'NONE',  ( -1.000000000000000000, 0.0000000000000000000, -0.0000000000000000000 ) ) ;
#341 = DIRECTION ( 'NONE',  ( 1.000000000000000000, 0.0000000000000000000, -0.0000000000000000000 ) ) ;
#342 = ORIENTED_EDGE ( 'NONE', *, *, #827, .T. ) ;
#343 = LINE ( 'NONE', #1948, #1989 ) ;
#344 = VECTOR ( 'NONE', #2063, 1000.000000000000000 ) ;
#345 = ORIENTED_EDGE ( 'NONE', *, *, #1575, .T. ) ;
#346 = LINE ( 'NONE', #1297, #2279 ) ;
#347 = LINE ( 'NONE', #2327, #929 ) ;
#348 = VERTEX_POINT ( 'NONE', #2398 ) ;
#349 = SURFACE_STYLE_FILL_AREA ( #2437 ) ;
#350 = DIRECTION ( 'NONE',  ( -1.000000000000000000, -0.0000000000000000000, -0.0000000000000000000 ) ) ;
#351 = ADVANCED_FACE ( 'NONE', ( #832 ), #702, .T. ) ;
#352 = CARTESIAN_POINT ( 'NONE',  ( -2.019000000000000100, -2.019000000000000100, 0.8890000000000000100 ) ) ;
#353 = EDGE_CURVE ( 'NONE', #1578, #2499, #569, .T. ) ;
#354 = CARTESIAN_POINT ( 'NONE',  ( 0.8479999999999999800, -1.510999999999999900, 0.0000000000000000000 ) ) ;
#355 = VECTOR ( 'NONE', #417, 1000.000000000000000 ) ;
#356 = VERTEX_POINT ( 'NONE', #1770 ) ;
#357 = ADVANCED_FACE ( 'NONE', ( #2190 ), #2188, .T. ) ;
#358 = DIRECTION ( 'NONE',  ( 1.000000000000000000, 0.0000000000000000000, -0.0000000000000000000 ) ) ;
#359 = LINE ( 'NONE', #2233, #879 ) ;
#360 = EDGE_CURVE ( 'NONE', #2095, #800, #1635, .T. ) ;
#361 = STYLED_ITEM ( 'NONE', ( #635 ), #1053 ) ;
#362 = CARTESIAN_POINT ( 'NONE',  ( 1.510999999999999900, -0.1520000000000000000, 0.05099999999999999700 ) ) ;
#363 = LINE ( 'NONE', #651, #1862 ) ;
#364 = DIRECTION ( 'NONE',  ( -0.0000000000000000000, -1.000000000000000000, -0.0000000000000000000 ) ) ;
#365 = CARTESIAN_POINT ( 'NONE',  ( 2.019000000000000100, -0.6530000000000000200, 0.0000000000000000000 ) ) ;
#366 = CARTESIAN_POINT ( 'NONE',  ( -2.019000000000000100, 0.1520000000000000000, 0.0000000000000000000 ) ) ;
#367 = ORIENTED_EDGE ( 'NONE', *, *, #2362, .T. ) ;
#368 = DIRECTION ( 'NONE',  ( 1.000000000000000000, 0.0000000000000000000, -0.0000000000000000000 ) ) ;
#369 = DIRECTION ( 'NONE',  ( -1.000000000000000000, 0.0000000000000000000, 0.0000000000000000000 ) ) ;
#370 = DIRECTION ( 'NONE',  ( -1.000000000000000000, -0.0000000000000000000, -0.0000000000000000000 ) ) ;
#371 = ADVANCED_FACE ( 'NONE', ( #1144 ), #2177, .T. ) ;
#372 = VERTEX_POINT ( 'NONE', #1352 ) ;
#373 = CARTESIAN_POINT ( 'NONE',  ( -0.1520000000000000000, -2.019000000000000100, 0.0000000000000000000 ) ) ;
#374 = DIRECTION ( 'NONE',  ( 0.0000000000000000000, -0.0000000000000000000, 1.000000000000000000 ) ) ;
#375 =( NAMED_UNIT ( * ) PLANE_ANGLE_UNIT ( ) SI_UNIT ( $, .RADIAN. ) );
#376 = CARTESIAN_POINT ( 'NONE',  ( -2.019000000000000100, -0.6530000000000000200, 0.05099999999999999700 ) ) ;
#377 = CARTESIAN_POINT ( 'NONE',  ( -0.3479999999999999800, -1.510999999999999900, 0.0000000000000000000 ) ) ;
#378 = EDGE_CURVE ( 'NONE', #2339, #210, #511, .T. ) ;
#379 = SURFACE_STYLE_FILL_AREA ( #396 ) ;
#380 = CARTESIAN_POINT ( 'NONE',  ( -1.615000000000000200, 1.500000000000000000, 0.8920000000000000200 ) ) ;
#381 = ADVANCED_FACE ( 'NONE', ( #5 ), #2646, .T. ) ;
#382 = DIRECTION ( 'NONE',  ( 1.000000000000000000, 0.0000000000000000000, -0.0000000000000000000 ) ) ;
#383 =( NAMED_UNIT ( * ) SI_UNIT ( $, .STERADIAN. ) SOLID_ANGLE_UNIT ( ) );
#384 = CARTESIAN_POINT ( 'NONE',  ( 2.019000000000000100, -0.1520000000000000000, 0.05099999999999999700 ) ) ;
#385 = VECTOR ( 'NONE', #1317, 1000.000000000000000 ) ;
#386 = LINE ( 'NONE', #610, #2022 ) ;
#387 = DIRECTION ( 'NONE',  ( -0.0000000000000000000, -0.0000000000000000000, -1.000000000000000000 ) ) ;
#388 = SURFACE_SIDE_STYLE ('',( #1811 ) ) ;
#389 = LINE ( 'NONE', #1429, #1464 ) ;
#390 = LINE ( 'NONE', #2174, #2526 ) ;
#391 = ORIENTED_EDGE ( 'NONE', *, *, #1688, .F. ) ;
#392 = ORIENTED_EDGE ( 'NONE', *, *, #725, .F. ) ;
#393 = VECTOR ( 'NONE', #2277, 1000.000000000000000 ) ;
#394 =( NAMED_UNIT ( * ) PLANE_ANGLE_UNIT ( ) SI_UNIT ( $, .RADIAN. ) );
#395 = LINE ( 'NONE', #550, #1818 ) ;
#396 = FILL_AREA_STYLE ('',( #2515 ) ) ;
#397 = FILL_AREA_STYLE_COLOUR ( '', #1935 ) ;
#398 = FACE_OUTER_BOUND ( 'NONE', #667, .T. ) ;
#399 = DIRECTION ( 'NONE',  ( -0.0000000000000000000, -1.000000000000000000, -0.0000000000000000000 ) ) ;
#400 = CARTESIAN_POINT ( 'NONE',  ( -2.019000000000000100, -0.3479999999999999800, 0.0000000000000000000 ) ) ;
#401 = ADVANCED_FACE ( 'NONE', ( #2704 ), #520, .T. ) ;
#402 = CARTESIAN_POINT ( 'NONE',  ( -1.510999999999999900, -0.6530000000000000200, 0.0000000000000000000 ) ) ;
#403 = EDGE_CURVE ( 'NONE', #1212, #37, #443, .T. ) ;
#404 = ORIENTED_EDGE ( 'NONE', *, *, #643, .T. ) ;
#405 = ORIENTED_EDGE ( 'NONE', *, *, #198, .F. ) ;
#406 = DIRECTION ( 'NONE',  ( -1.000000000000000000, 0.0000000000000000000, -0.0000000000000000000 ) ) ;
#407 = DIRECTION ( 'NONE',  ( 0.0000000000000000000, -0.0000000000000000000, 1.000000000000000000 ) ) ;
#408 = CARTESIAN_POINT ( 'NONE',  ( 2.019000000000000100, -0.6530000000000000200, 0.0000000000000000000 ) ) ;
#409 = PRODUCT_DEFINITION_SHAPE ( 'NONE', 'NONE',  #1082 ) ;
#410 = CARTESIAN_POINT ( 'NONE',  ( 1.510999999999999900, 0.1520000000000000000, 0.0000000000000000000 ) ) ;
#411 = ORIENTED_EDGE ( 'NONE', *, *, #771, .T. ) ;
#412 = CARTESIAN_POINT ( 'NONE',  ( 1.510999999999999900, 0.8479999999999999800, 0.05099999999999999700 ) ) ;
#413 = PLANE ( 'NONE',  #1341 ) ;
#414 = VERTEX_POINT ( 'NONE', #726 ) ;
#415 =( LENGTH_UNIT ( ) NAMED_UNIT ( * ) SI_UNIT ( .MILLI., .METRE. ) );
#416 = ORIENTED_EDGE ( 'NONE', *, *, #920, .F. ) ;
#417 = DIRECTION ( 'NONE',  ( 0.0000000000000000000, 0.0000000000000000000, 1.000000000000000000 ) ) ;
#418 = VERTEX_POINT ( 'NONE', #945 ) ;
#419 = EDGE_CURVE ( 'NONE', #2451, #1753, #2642, .T. ) ;
#420 = DIRECTION ( 'NONE',  ( -1.000000000000000000, 0.0000000000000000000, -0.0000000000000000000 ) ) ;
#421 = DIRECTION ( 'NONE',  ( -0.0000000000000000000, -0.0000000000000000000, -1.000000000000000000 ) ) ;
#422 = AXIS2_PLACEMENT_3D ( 'NONE', #192, #1490, #2769 ) ;
#423 = PLANE ( 'NONE',  #1056 ) ;
#424 = FACE_OUTER_BOUND ( 'NONE', #2414, .T. ) ;
#425 = LINE ( 'NONE', #967, #1499 ) ;
#426 = EDGE_LOOP ( 'NONE', ( #195, #1872, #2731, #2295 ) ) ;
#427 = EDGE_LOOP ( 'NONE', ( #1262, #958, #2639, #2705 ) ) ;
#428 = PLANE ( 'NONE',  #4 ) ;
#429 = CARTESIAN_POINT ( 'NONE',  ( -1.510999999999999900, 0.8479999999999999800, 0.0000000000000000000 ) ) ;
#430 = VECTOR ( 'NONE', #1886, 1000.000000000000000 ) ;
#431 = VECTOR ( 'NONE', #173, 1000.000000000000000 ) ;
#432 = ORIENTED_EDGE ( 'NONE', *, *, #722, .T. ) ;
#433 = DIRECTION ( 'NONE',  ( 0.0000000000000000000, -0.0000000000000000000, 1.000000000000000000 ) ) ;
#434 = STYLED_ITEM ( 'NONE', ( #1962 ), #1629 ) ;
#435 = LINE ( 'NONE', #2031, #1430 ) ;
#436 = DIRECTION ( 'NONE',  ( 0.0000000000000000000, -0.0000000000000000000, 1.000000000000000000 ) ) ;
#437 =( NAMED_UNIT ( * ) PLANE_ANGLE_UNIT ( ) SI_UNIT ( $, .RADIAN. ) );
#438 = DIRECTION ( 'NONE',  ( 0.0000000000000000000, -0.0000000000000000000, 1.000000000000000000 ) ) ;
#439 = VECTOR ( 'NONE', #2461, 1000.000000000000000 ) ;
#440 = UNCERTAINTY_MEASURE_WITH_UNIT (LENGTH_MEASURE( 1.000000000000000100E-005 ), #2653, 'distance_accuracy_value', 'NONE');
#441 = ORIENTED_EDGE ( 'NONE', *, *, #2193, .F. ) ;
#442 = DIRECTION ( 'NONE',  ( -0.0000000000000000000, -0.0000000000000000000, -1.000000000000000000 ) ) ;
#443 = LINE ( 'NONE', #2422, #1081 ) ;
#444 = DIRECTION ( 'NONE',  ( -0.0000000000000000000, 0.0000000000000000000, -1.000000000000000000 ) ) ;
#445 = DIRECTION ( 'NONE',  ( -0.0000000000000000000, 0.0000000000000000000, 1.000000000000000000 ) ) ;
#446 = FACE_OUTER_BOUND ( 'NONE', #2238, .T. ) ;
#447 = AXIS2_PLACEMENT_3D ( 'NONE', #2322, #1492, #2334 ) ;
#448 = EDGE_CURVE ( 'NONE', #2313, #1537, #998, .T. ) ;
#449 = VERTEX_POINT ( 'NONE', #1373 ) ;
#450 = VERTEX_POINT ( 'NONE', #1024 ) ;
#451 = CARTESIAN_POINT ( 'NONE',  ( -0.8479999999999999800, 2.019000000000000100, 0.05099999999999999700 ) ) ;
#452 = CARTESIAN_POINT ( 'NONE',  ( 0.8479999999999999800, -2.019000000000000100, 0.05099999999999999700 ) ) ;
#453 = EDGE_CURVE ( 'NONE', #1613, #201, #2002, .T. ) ;
#454 = CARTESIAN_POINT ( 'NONE',  ( -0.1520000000000000000, -2.019000000000000100, 0.0000000000000000000 ) ) ;
#455 = EDGE_LOOP ( 'NONE', ( #1466, #1609, #679, #1911 ) ) ;
#456 = DIRECTION ( 'NONE',  ( -0.0000000000000000000, -1.000000000000000000, -0.0000000000000000000 ) ) ;
#457 =( LENGTH_UNIT ( ) NAMED_UNIT ( * ) SI_UNIT ( .MILLI., .METRE. ) );
#458 = ORIENTED_EDGE ( 'NONE', *, *, #2321, .F. ) ;
#459 = ORIENTED_EDGE ( 'NONE', *, *, #2056, .T. ) ;
#460 = SURFACE_STYLE_USAGE ( .BOTH. , #1728 ) ;
#461 = DIRECTION ( 'NONE',  ( 1.000000000000000000, -0.0000000000000000000, 0.0000000000000000000 ) ) ;
#462 = VERTEX_POINT ( 'NONE', #2456 ) ;
#463 = DIRECTION ( 'NONE',  ( 0.0000000000000000000, 1.000000000000000000, -0.0000000000000000000 ) ) ;
#464 = VECTOR ( 'NONE', #2289, 1000.000000000000000 ) ;
#465 = EDGE_CURVE ( 'NONE', #1433, #2313, #938, .T. ) ;
#466 = CARTESIAN_POINT ( 'NONE',  ( 1.510999999999999900, 0.3479999999999999800, 0.0000000000000000000 ) ) ;
#467 = CARTESIAN_POINT ( 'NONE',  ( -1.615000000000000200, 1.500000000000000000, 0.8890000000000000100 ) ) ;
#468 = VECTOR ( 'NONE', #166, 1000.000000000000000 ) ;
#469 = CARTESIAN_POINT ( 'NONE',  ( -0.6530000000000000200, -1.510999999999999900, 0.0000000000000000000 ) ) ;
#470 =( GEOMETRIC_REPRESENTATION_CONTEXT ( 3 ) GLOBAL_UNCERTAINTY_ASSIGNED_CONTEXT ( ( #2017 ) ) GLOBAL_UNIT_ASSIGNED_CONTEXT ( ( #1714, #437, #1919 ) ) REPRESENTATION_CONTEXT ( 'NONE', 'WORKASPACE' ) );
#471 = ORIENTED_EDGE ( 'NONE', *, *, #1074, .T. ) ;
#472 = FACE_OUTER_BOUND ( 'NONE', #1444, .T. ) ;
#473 = FACE_OUTER_BOUND ( 'NONE', #1679, .T. ) ;
#474 = DIRECTION ( 'NONE',  ( 0.0000000000000000000, -0.0000000000000000000, 1.000000000000000000 ) ) ;
#475 = ORIENTED_EDGE ( 'NONE', *, *, #1274, .F. ) ;
#476 = VECTOR ( 'NONE', #2749, 1000.000000000000000 ) ;
#477 = DIRECTION ( 'NONE',  ( 1.000000000000000000, 0.0000000000000000000, -0.0000000000000000000 ) ) ;
#478 = ORIENTED_EDGE ( 'NONE', *, *, #2624, .T. ) ;
#479 = PRESENTATION_LAYER_ASSIGNMENT (  '', '', ( #160 ) ) ;
#480 = LINE ( 'NONE', #1195, #1605 ) ;
#481 = CARTESIAN_POINT ( 'NONE',  ( -0.6530000000000000200, -1.510999999999999900, 0.0000000000000000000 ) ) ;
#482 = VECTOR ( 'NONE', #1727, 1000.000000000000000 ) ;
#483 = DIRECTION ( 'NONE',  ( 0.0000000000000000000, -0.0000000000000000000, 1.000000000000000000 ) ) ;
#484 = VERTEX_POINT ( 'NONE', #2472 ) ;
#485 = DIRECTION ( 'NONE',  ( 0.0000000000000000000, -0.0000000000000000000, -1.000000000000000000 ) ) ;
#486 = STYLED_ITEM ( 'NONE', ( #2032 ), #648 ) ;
#487 = CARTESIAN_POINT ( 'NONE',  ( -2.019000000000000100, 0.1520000000000000000, 0.0000000000000000000 ) ) ;
#488 = ORIENTED_EDGE ( 'NONE', *, *, #565, .T. ) ;
#489 = DIRECTION ( 'NONE',  ( 0.0000000000000000000, 0.0000000000000000000, 1.000000000000000000 ) ) ;
#490 = ORIENTED_EDGE ( 'NONE', *, *, #2567, .T. ) ;
#491 = CARTESIAN_POINT ( 'NONE',  ( 0.0000000000000000000, 0.0000000000000000000, 0.0000000000000000000 ) ) ;
#492 = AXIS2_PLACEMENT_3D ( 'NONE', #2577, #2561, #2336 ) ;
#493 = CARTESIAN_POINT ( 'NONE',  ( 1.153000000000000000, 1.510999999999999900, 0.0000000000000000000 ) ) ;
#494 =( NAMED_UNIT ( * ) SI_UNIT ( $, .STERADIAN. ) SOLID_ANGLE_UNIT ( ) );
#495 = DIRECTION ( 'NONE',  ( 0.0000000000000000000, 1.000000000000000000, -0.0000000000000000000 ) ) ;
#496 = ORIENTED_EDGE ( 'NONE', *, *, #737, .F. ) ;
#497 = LINE ( 'NONE', #454, #2044 ) ;
#498 = VECTOR ( 'NONE', #350, 1000.000000000000000 ) ;
#499 = EDGE_CURVE ( 'NONE', #2541, #2020, #359, .T. ) ;
#500 = EDGE_CURVE ( 'NONE', #2660, #1967, #2061, .T. ) ;
#501 = LINE ( 'NONE', #2763, #430 ) ;
#502 = VECTOR ( 'NONE', #842, 1000.000000000000000 ) ;
#503 = EDGE_LOOP ( 'NONE', ( #2384, #1936, #2748, #950 ) ) ;
#504 = EDGE_CURVE ( 'NONE', #1516, #1010, #2491, .T. ) ;
#505 = CARTESIAN_POINT ( 'NONE',  ( -2.019000000000000100, 2.019000000000000100, 0.8890000000000000100 ) ) ;
#506 = VECTOR ( 'NONE', #456, 1000.000000000000000 ) ;
#507 = ADVANCED_FACE ( 'NONE', ( #291 ), #605, .T. ) ;
#508 =( GEOMETRIC_REPRESENTATION_CONTEXT ( 3 ) GLOBAL_UNCERTAINTY_ASSIGNED_CONTEXT ( ( #2297 ) ) GLOBAL_UNIT_ASSIGNED_CONTEXT ( ( #2015, #736, #2219 ) ) REPRESENTATION_CONTEXT ( 'NONE', 'WORKASPACE' ) );
#509 = LINE ( 'NONE', #2516, #2700 ) ;
#510 = EDGE_LOOP ( 'NONE', ( #1346, #535, #287, #292 ) ) ;
#511 = LINE ( 'NONE', #1149, #2131 ) ;
#512 = DIRECTION ( 'NONE',  ( -1.000000000000000000, 0.0000000000000000000, -0.0000000000000000000 ) ) ;
#513 = ORIENTED_EDGE ( 'NONE', *, *, #2542, .F. ) ;
#514 = EDGE_CURVE ( 'NONE', #1964, #2378, #2424, .T. ) ;
#515 = ADVANCED_FACE ( 'NONE', ( #1370 ), #2513, .T. ) ;
#516 = EDGE_CURVE ( 'NONE', #548, #2181, #151, .T. ) ;
#517 = ORIENTED_EDGE ( 'NONE', *, *, #1351, .F. ) ;
#518 = AXIS2_PLACEMENT_3D ( 'NONE', #1410, #2462, #980 ) ;
#519 = VERTEX_POINT ( 'NONE', #1226 ) ;
#520 = PLANE ( 'NONE',  #1382 ) ;
#521 = DIRECTION ( 'NONE',  ( 0.0000000000000000000, -1.000000000000000000, 0.0000000000000000000 ) ) ;
#522 = ORIENTED_EDGE ( 'NONE', *, *, #956, .F. ) ;
#523 = ORIENTED_EDGE ( 'NONE', *, *, #549, .F. ) ;
#524 = FILL_AREA_STYLE_COLOUR ( '', #1709 ) ;
#525 = AXIS2_PLACEMENT_3D ( 'NONE', #2703, #2464, #2671 ) ;
#526 = LINE ( 'NONE', #153, #2153 ) ;
#527 = CARTESIAN_POINT ( 'NONE',  ( 1.510999999999999900, -0.6530000000000000200, 0.0000000000000000000 ) ) ;
#528 = EDGE_LOOP ( 'NONE', ( #602, #2118, #1868, #585 ) ) ;
#529 = ADVANCED_FACE ( 'NONE', ( #2360 ), #1411, .T. ) ;
#530 = DIRECTION ( 'NONE',  ( 1.000000000000000000, -0.0000000000000000000, 0.0000000000000000000 ) ) ;
#531 = SURFACE_STYLE_USAGE ( .BOTH. , #1765 ) ;
#532 = AXIS2_PLACEMENT_3D ( 'NONE', #1565, #921, #2405 ) ;
#533 = FACE_OUTER_BOUND ( 'NONE', #2099, .T. ) ;
#534 = VECTOR ( 'NONE', #1125, 1000.000000000000000 ) ;
#535 = ORIENTED_EDGE ( 'NONE', *, *, #1877, .F. ) ;
#536 = LINE ( 'NONE', #168, #1603 ) ;
#537 = EDGE_CURVE ( 'NONE', #708, #773, #1797, .T. ) ;
#538 =( NAMED_UNIT ( * ) SI_UNIT ( $, .STERADIAN. ) SOLID_ANGLE_UNIT ( ) );
#539 = DIRECTION ( 'NONE',  ( 0.0000000000000000000, 0.0000000000000000000, -1.000000000000000000 ) ) ;
#540 = UNCERTAINTY_MEASURE_WITH_UNIT (LENGTH_MEASURE( 1.000000000000000100E-005 ), #912, 'distance_accuracy_value', 'NONE');
#541 = LINE ( 'NONE', #603, #964 ) ;
#542 = PLANE ( 'NONE',  #623 ) ;
#543 = EDGE_LOOP ( 'NONE', ( #887, #1604, #496, #1869 ) ) ;
#544 = EDGE_LOOP ( 'NONE', ( #562, #392, #2230, #1108 ) ) ;
#545 = CARTESIAN_POINT ( 'NONE',  ( -2.019000000000000100, -0.3479999999999999800, 0.0000000000000000000 ) ) ;
#546 = PLANE ( 'NONE',  #316 ) ;
#547 = ORIENTED_EDGE ( 'NONE', *, *, #1398, .T. ) ;
#548 = VERTEX_POINT ( 'NONE', #978 ) ;
#549 = EDGE_CURVE ( 'NONE', #1216, #1833, #90, .T. ) ;
#550 = CARTESIAN_POINT ( 'NONE',  ( 2.019000000000000100, -0.1520000000000000000, 0.0000000000000000000 ) ) ;
#551 = AXIS2_PLACEMENT_3D ( 'NONE', #429, #646, #2128 ) ;
#552 = ORIENTED_EDGE ( 'NONE', *, *, #2686, .F. ) ;
#553 = CARTESIAN_POINT ( 'NONE',  ( 1.510999999999999900, -0.6530000000000000200, 0.0000000000000000000 ) ) ;
#554 = CARTESIAN_POINT ( 'NONE',  ( -0.1520000000000000000, -1.510999999999999900, 0.05099999999999999700 ) ) ;
#555 = AXIS2_PLACEMENT_3D ( 'NONE', #2611, #1751, #485 ) ;
#556 = LINE ( 'NONE', #1705, #1619 ) ;
#557 = LINE ( 'NONE', #579, #2771 ) ;
#558 = EDGE_LOOP ( 'NONE', ( #276, #277, #1749, #1302 ) ) ;
#559 = EDGE_LOOP ( 'NONE', ( #1255, #345, #2152, #2265 ) ) ;
#560 = CARTESIAN_POINT ( 'NONE',  ( -2.019000000000000100, 0.1520000000000000000, 0.05099999999999999700 ) ) ;
#561 = LINE ( 'NONE', #1089, #2775 ) ;
#562 = ORIENTED_EDGE ( 'NONE', *, *, #1978, .T. ) ;
#563 = DIRECTION ( 'NONE',  ( 0.0000000000000000000, 1.000000000000000000, 0.0000000000000000000 ) ) ;
#564 = PRESENTATION_STYLE_ASSIGNMENT (( #1313 ) ) ;
#565 = EDGE_CURVE ( 'NONE', #1121, #1232, #677, .T. ) ;
#566 = STYLED_ITEM ( 'NONE', ( #1308 ), #847 ) ;
#567 = LINE ( 'NONE', #2246, #1 ) ;
#568 = ORIENTED_EDGE ( 'NONE', *, *, #1776, .T. ) ;
#569 = LINE ( 'NONE', #505, #1706 ) ;
#570 = DIRECTION ( 'NONE',  ( 1.000000000000000000, 0.0000000000000000000, -0.0000000000000000000 ) ) ;
#571 = DIRECTION ( 'NONE',  ( 0.0000000000000000000, 0.0000000000000000000, 1.000000000000000000 ) ) ;
#572 = AXIS2_PLACEMENT_3D ( 'NONE', #844, #855, #1235 ) ;
#573 = EDGE_LOOP ( 'NONE', ( #250, #1829, #1572, #1401 ) ) ;
#574 = DIRECTION ( 'NONE',  ( -1.000000000000000000, -0.0000000000000000000, -0.0000000000000000000 ) ) ;
#575 = PLANE ( 'NONE',  #1985 ) ;
#576 = ORIENTED_EDGE ( 'NONE', *, *, #2346, .F. ) ;
#577 = CARTESIAN_POINT ( 'NONE',  ( -0.1520000000000000000, -1.510999999999999900, 0.0000000000000000000 ) ) ;
#578 = ADVANCED_FACE ( 'NONE', ( #1312 ), #784, .T. ) ;
#579 = CARTESIAN_POINT ( 'NONE',  ( 0.8479999999999999800, -2.019000000000000100, 0.0000000000000000000 ) ) ;
#580 = CARTESIAN_POINT ( 'NONE',  ( -2.019000000000000100, -0.6530000000000000200, 0.0000000000000000000 ) ) ;
#581 = VERTEX_POINT ( 'NONE', #815 ) ;
#582 = DIRECTION ( 'NONE',  ( -0.0000000000000000000, -1.000000000000000000, -0.0000000000000000000 ) ) ;
#583 = ORIENTED_EDGE ( 'NONE', *, *, #2643, .F. ) ;
#584 = CARTESIAN_POINT ( 'NONE',  ( 1.510999999999999900, -0.1520000000000000000, 0.0000000000000000000 ) ) ;
#585 = ORIENTED_EDGE ( 'NONE', *, *, #1398, .F. ) ;
#586 = CARTESIAN_POINT ( 'NONE',  ( 0.8479999999999999800, -1.510999999999999900, 0.05099999999999999700 ) ) ;
#587 = STYLED_ITEM ( 'NONE', ( #732 ), #259 ) ;
#588 = EDGE_CURVE ( 'NONE', #2272, #49, #608, .T. ) ;
#589 = EDGE_CURVE ( 'NONE', #917, #839, #1177, .T. ) ;
#590 = PLANE ( 'NONE',  #2417 ) ;
#591 = DIRECTION ( 'NONE',  ( -1.000000000000000000, 0.0000000000000000000, -0.0000000000000000000 ) ) ;
#592 = ADVANCED_FACE ( 'NONE', ( #33 ), #767, .T. ) ;
#593 = DIRECTION ( 'NONE',  ( -1.000000000000000000, 0.0000000000000000000, -0.0000000000000000000 ) ) ;
#594 = LINE ( 'NONE', #2430, #2208 ) ;
#595 = DIRECTION ( 'NONE',  ( 0.0000000000000000000, 0.0000000000000000000, 1.000000000000000000 ) ) ;
#596 = CARTESIAN_POINT ( 'NONE',  ( -2.019000000000000100, 0.3479999999999999800, 0.05099999999999999700 ) ) ;
#597 = ORIENTED_EDGE ( 'NONE', *, *, #1162, .T. ) ;
#598 = ORIENTED_EDGE ( 'NONE', *, *, #1776, .F. ) ;
#599 = CIRCLE ( 'NONE', #2030, 0.1009649999999999600 ) ;
#600 = VECTOR ( 'NONE', #913, 1000.000000000000000 ) ;
#601 = VECTOR ( 'NONE', #2647, 1000.000000000000000 ) ;
#602 = ORIENTED_EDGE ( 'NONE', *, *, #1179, .F. ) ;
#603 = CARTESIAN_POINT ( 'NONE',  ( -2.019000000000000100, 0.1520000000000000000, 0.05099999999999999700 ) ) ;
#604 = DIRECTION ( 'NONE',  ( 0.0000000000000000000, 0.0000000000000000000, 1.000000000000000000 ) ) ;
#605 = PLANE ( 'NONE',  #1673 ) ;
#606 = DIRECTION ( 'NONE',  ( 0.0000000000000000000, -0.0000000000000000000, 1.000000000000000000 ) ) ;
#607 = ADVANCED_FACE ( 'NONE', ( #2742 ), #546, .T. ) ;
#608 = LINE ( 'NONE', #169, #1737 ) ;
#609 = EDGE_CURVE ( 'NONE', #1614, #1216, #2164, .T. ) ;
#610 = CARTESIAN_POINT ( 'NONE',  ( -1.510999999999999900, -0.1520000000000000000, 0.0000000000000000000 ) ) ;
#611 = CARTESIAN_POINT ( 'NONE',  ( 2.019000000000000100, 1.153000000000000000, 0.0000000000000000000 ) ) ;
#612 = CARTESIAN_POINT ( 'NONE',  ( 2.019000000000000100, -1.153000000000000000, 0.05099999999999999700 ) ) ;
#613 = ORIENTED_EDGE ( 'NONE', *, *, #138, .T. ) ;
#614 = DIRECTION ( 'NONE',  ( 0.0000000000000000000, -0.0000000000000000000, 1.000000000000000000 ) ) ;
#615 = MECHANICAL_DESIGN_GEOMETRIC_PRESENTATION_REPRESENTATION (  '', ( #160 ), #743 ) ;
#616 = DIRECTION ( 'NONE',  ( -1.000000000000000000, 0.0000000000000000000, -0.0000000000000000000 ) ) ;
#617 =( LENGTH_UNIT ( ) NAMED_UNIT ( * ) SI_UNIT ( .MILLI., .METRE. ) );
#618 = PLANE ( 'NONE',  #572 ) ;
#619 = EDGE_LOOP ( 'NONE', ( #1321, #1971, #1732, #2404 ) ) ;
#620 = ADVANCED_FACE ( 'NONE', ( #1118 ), #542, .T. ) ;
#621 = SURFACE_STYLE_USAGE ( .BOTH. , #1880 ) ;
#622 = CARTESIAN_POINT ( 'NONE',  ( -2.019000000000000100, 0.8479999999999999800, 0.0000000000000000000 ) ) ;
#623 = AXIS2_PLACEMENT_3D ( 'NONE', #2750, #322, #1203 ) ;
#624 = DIRECTION ( 'NONE',  ( 0.0000000000000000000, 0.0000000000000000000, -1.000000000000000000 ) ) ;
#625 = VERTEX_POINT ( 'NONE', #88 ) ;
#626 = FILL_AREA_STYLE_COLOUR ( '', #1468 ) ;
#627 = FACE_OUTER_BOUND ( 'NONE', #2351, .T. ) ;
#628 = EDGE_LOOP ( 'NONE', ( #2225, #851, #1691, #1188 ) ) ;
#629 = DIRECTION ( 'NONE',  ( -1.000000000000000000, 0.0000000000000000000, -0.0000000000000000000 ) ) ;
#630 = CARTESIAN_POINT ( 'NONE',  ( 1.510999999999999900, -0.3479999999999999800, 0.0000000000000000000 ) ) ;
#631 = LINE ( 'NONE', #1722, #1192 ) ;
#632 = DIRECTION ( 'NONE',  ( -1.000000000000000000, 0.0000000000000000000, 0.0000000000000000000 ) ) ;
#633 = CLOSED_SHELL ( 'NONE', ( #2074, #2215, #2495, #2263, #2065, #2471 ) ) ;
#634 = FACE_OUTER_BOUND ( 'NONE', #21, .T. ) ;
#635 = PRESENTATION_STYLE_ASSIGNMENT (( #1617 ) ) ;
#636 = DIRECTION ( 'NONE',  ( -1.000000000000000000, 0.0000000000000000000, 0.0000000000000000000 ) ) ;
#637 = FACE_OUTER_BOUND ( 'NONE', #219, .T. ) ;
#638 = CARTESIAN_POINT ( 'NONE',  ( 2.019000000000000100, -1.153000000000000000, 0.0000000000000000000 ) ) ;
#639 = PLANE ( 'NONE',  #422 ) ;
#640 = EDGE_CURVE ( 'NONE', #1375, #1359, #1036, .T. ) ;
#641 = EDGE_CURVE ( 'NONE', #1632, #1408, #480, .T. ) ;
#642 = DIRECTION ( 'NONE',  ( 0.0000000000000000000, -0.0000000000000000000, 1.000000000000000000 ) ) ;
#643 = EDGE_CURVE ( 'NONE', #1584, #1047, #541, .T. ) ;
#644 = LINE ( 'NONE', #622, #2331 ) ;
#645 = AXIS2_PLACEMENT_3D ( 'NONE', #72, #1353, #2636 ) ;
#646 = DIRECTION ( 'NONE',  ( 1.000000000000000000, 0.0000000000000000000, -0.0000000000000000000 ) ) ;
#647 = ORIENTED_EDGE ( 'NONE', *, *, #589, .T. ) ;
#648 = MANIFOLD_SOLID_BREP ( 'Imported9', #843 ) ;
#649 = CARTESIAN_POINT ( 'NONE',  ( 1.510999999999999900, 1.153000000000000000, 0.0000000000000000000 ) ) ;
#650 = CARTESIAN_POINT ( 'NONE',  ( 2.019000000000000100, -0.1520000000000000000, 0.0000000000000000000 ) ) ;
#651 = CARTESIAN_POINT ( 'NONE',  ( -0.8479999999999999800, 2.019000000000000100, 0.0000000000000000000 ) ) ;
#652 = ORIENTED_EDGE ( 'NONE', *, *, #2543, .F. ) ;
#653 = CARTESIAN_POINT ( 'NONE',  ( -0.6530000000000000200, -2.019000000000000100, 0.05099999999999999700 ) ) ;
#654 = FILL_AREA_STYLE_COLOUR ( '', #2051 ) ;
#655 = DIRECTION ( 'NONE',  ( 0.0000000000000000000, -0.0000000000000000000, -1.000000000000000000 ) ) ;
#656 = EDGE_CURVE ( 'NONE', #89, #943, #757, .T. ) ;
#657 = DIRECTION ( 'NONE',  ( -0.0000000000000000000, -1.000000000000000000, -0.0000000000000000000 ) ) ;
#658 = CARTESIAN_POINT ( 'NONE',  ( -2.019000000000000100, 2.019000000000000100, 0.05099999999999999700 ) ) ;
#659 = ORIENTED_EDGE ( 'NONE', *, *, #1794, .F. ) ;
#660 = EDGE_CURVE ( 'NONE', #2649, #713, #395, .T. ) ;
#661 = CARTESIAN_POINT ( 'NONE',  ( 2.019000000000000100, -2.019000000000000100, 0.05099999999999999700 ) ) ;
#662 = DIRECTION ( 'NONE',  ( 0.0000000000000000000, -0.0000000000000000000, 1.000000000000000000 ) ) ;
#663 = PRESENTATION_LAYER_ASSIGNMENT (  '', '', ( #361 ) ) ;
#664 = ORIENTED_EDGE ( 'NONE', *, *, #891, .T. ) ;
#665 = DIRECTION ( 'NONE',  ( 1.000000000000000000, 0.0000000000000000000, -0.0000000000000000000 ) ) ;
#666 = FACE_OUTER_BOUND ( 'NONE', #95, .T. ) ;
#667 = EDGE_LOOP ( 'NONE', ( #2602, #175, #2066, #1219 ) ) ;
#668 = DIRECTION ( 'NONE',  ( 1.000000000000000000, 0.0000000000000000000, -0.0000000000000000000 ) ) ;
#669 = FACE_OUTER_BOUND ( 'NONE', #1152, .T. ) ;
#670 = VECTOR ( 'NONE', #801, 1000.000000000000000 ) ;
#671 = AXIS2_PLACEMENT_3D ( 'NONE', #2721, #539, #340 ) ;
#672 = LINE ( 'NONE', #493, #1791 ) ;
#673 = ORIENTED_EDGE ( 'NONE', *, *, #1590, .T. ) ;
#674 = PLANE ( 'NONE',  #1589 ) ;
#675 =( NAMED_UNIT ( * ) PLANE_ANGLE_UNIT ( ) SI_UNIT ( $, .RADIAN. ) );
#676 = PLANE ( 'NONE',  #1400 ) ;
#677 = LINE ( 'NONE', #969, #1246 ) ;
#678 = COLOUR_RGB ( '',0.7215686274509803800, 0.7215686274509803800, 0.7215686274509803800 ) ;
#679 = ORIENTED_EDGE ( 'NONE', *, *, #2459, .F. ) ;
#680 = ORIENTED_EDGE ( 'NONE', *, *, #1162, .F. ) ;
#681 = ORIENTED_EDGE ( 'NONE', *, *, #1523, .T. ) ;
#682 = CARTESIAN_POINT ( 'NONE',  ( 1.510999999999999900, -0.3479999999999999800, 0.0000000000000000000 ) ) ;
#683 = DIRECTION ( 'NONE',  ( 1.000000000000000000, 0.0000000000000000000, 0.0000000000000000000 ) ) ;
#684 = DIRECTION ( 'NONE',  ( 0.0000000000000000000, -0.0000000000000000000, 1.000000000000000000 ) ) ;
#685 = EDGE_CURVE ( 'NONE', #1845, #1922, #1549, .T. ) ;
#686 = CARTESIAN_POINT ( 'NONE',  ( -0.6530000000000000200, -2.019000000000000100, 0.0000000000000000000 ) ) ;
#687 = CARTESIAN_POINT ( 'NONE',  ( -1.510999999999999900, -0.1520000000000000000, 0.0000000000000000000 ) ) ;
#688 = ORIENTED_EDGE ( 'NONE', *, *, #1993, .F. ) ;
#689 = DIRECTION ( 'NONE',  ( 1.000000000000000000, 0.0000000000000000000, -0.0000000000000000000 ) ) ;
#690 = DIRECTION ( 'NONE',  ( -0.0000000000000000000, -1.000000000000000000, -0.0000000000000000000 ) ) ;
#691 = EDGE_CURVE ( 'NONE', #2005, #1578, #1278, .T. ) ;
#692 = EDGE_CURVE ( 'NONE', #1010, #2339, #2392, .T. ) ;
#693 = CIRCLE ( 'NONE', #1153, 0.1009649999999999600 ) ;
#694 = DIRECTION ( 'NONE',  ( 1.000000000000000000, 0.0000000000000000000, -0.0000000000000000000 ) ) ;
#695 = VERTEX_POINT ( 'NONE', #658 ) ;
#696 = COLOUR_RGB ( '',0.1921568627450980200, 0.1921568627450980200, 0.1921568627450980200 ) ;
#697 = LINE ( 'NONE', #2365, #751 ) ;
#698 = ORIENTED_EDGE ( 'NONE', *, *, #266, .F. ) ;
#699 = FACE_OUTER_BOUND ( 'NONE', #1334, .T. ) ;
#700 = CARTESIAN_POINT ( 'NONE',  ( 2.019000000000000100, -2.019000000000000100, 0.8890000000000000100 ) ) ;
#701 = VECTOR ( 'NONE', #570, 1000.000000000000000 ) ;
#702 = PLANE ( 'NONE',  #235 ) ;
#703 = DIRECTION ( 'NONE',  ( 0.0000000000000000000, -0.0000000000000000000, 1.000000000000000000 ) ) ;
#704 = VERTEX_POINT ( 'NONE', #1659 ) ;
#705 = SURFACE_STYLE_FILL_AREA ( #1046 ) ;
#706 = ADVANCED_FACE ( 'NONE', ( #1766 ), #1210, .T. ) ;
#707 = EDGE_CURVE ( 'NONE', #1800, #37, #2249, .T. ) ;
#708 = VERTEX_POINT ( 'NONE', #1266 ) ;
#709 = AXIS2_PLACEMENT_3D ( 'NONE', #408, #1685, #182 ) ;
#710 = DIRECTION ( 'NONE',  ( -1.000000000000000000, 0.0000000000000000000, -0.0000000000000000000 ) ) ;
#711 = ORIENTED_EDGE ( 'NONE', *, *, #2753, .F. ) ;
#712 = PRESENTATION_LAYER_ASSIGNMENT (  '', '', ( #434 ) ) ;
#713 = VERTEX_POINT ( 'NONE', #762 ) ;
#714 = CARTESIAN_POINT ( 'NONE',  ( -2.019000000000000100, 0.3479999999999999800, 0.05099999999999999700 ) ) ;
#715 = ADVANCED_FACE ( 'NONE', ( #637 ), #973, .T. ) ;
#716 = UNCERTAINTY_MEASURE_WITH_UNIT (LENGTH_MEASURE( 1.000000000000000100E-005 ), #415, 'distance_accuracy_value', 'NONE');
#717 = ORIENTED_EDGE ( 'NONE', *, *, #499, .F. ) ;
#718 = COLOUR_RGB ( '',0.7215686274509803800, 0.7215686274509803800, 0.7215686274509803800 ) ;
#719 = VECTOR ( 'NONE', #1424, 1000.000000000000000 ) ;
#720 = EDGE_LOOP ( 'NONE', ( #404, #1636, #1292, #1079 ) ) ;
#721 = AXIS2_PLACEMENT_3D ( 'NONE', #6, #1713, #436 ) ;
#722 = EDGE_CURVE ( 'NONE', #917, #877, #1142, .T. ) ;
#723 = ORIENTED_EDGE ( 'NONE', *, *, #641, .T. ) ;
#724 = VERTEX_POINT ( 'NONE', #1708 ) ;
#725 = EDGE_CURVE ( 'NONE', #1139, #1689, #2186, .T. ) ;
#726 = CARTESIAN_POINT ( 'NONE',  ( -2.019000000000000100, -0.3479999999999999800, 0.05099999999999999700 ) ) ;
#727 = LINE ( 'NONE', #1958, #2418 ) ;
#728 = ORIENTED_EDGE ( 'NONE', *, *, #2195, .F. ) ;
#729 = VERTEX_POINT ( 'NONE', #2098 ) ;
#730 = ADVANCED_FACE ( 'NONE', ( #1077 ), #1724, .T. ) ;
#731 = VECTOR ( 'NONE', #1427, 1000.000000000000000 ) ;
#732 = PRESENTATION_STYLE_ASSIGNMENT (( #1316 ) ) ;
#733 = DIRECTION ( 'NONE',  ( 0.0000000000000000000, -0.0000000000000000000, 1.000000000000000000 ) ) ;
#734 = UNCERTAINTY_MEASURE_WITH_UNIT (LENGTH_MEASURE( 1.000000000000000100E-005 ), #167, 'distance_accuracy_value', 'NONE');
#735 = ORIENTED_EDGE ( 'NONE', *, *, #737, .T. ) ;
#736 =( NAMED_UNIT ( * ) PLANE_ANGLE_UNIT ( ) SI_UNIT ( $, .RADIAN. ) );
#737 = EDGE_CURVE ( 'NONE', #202, #2285, #567, .T. ) ;
#738 = EDGE_LOOP ( 'NONE', ( #2001, #2049, #517, #873 ) ) ;
#739 =( LENGTH_UNIT ( ) NAMED_UNIT ( * ) SI_UNIT ( .MILLI., .METRE. ) );
#740 = ORIENTED_EDGE ( 'NONE', *, *, #1078, .F. ) ;
#741 = DIRECTION ( 'NONE',  ( 0.0000000000000000000, 0.0000000000000000000, -1.000000000000000000 ) ) ;
#742 = CARTESIAN_POINT ( 'NONE',  ( -1.510999999999999900, 0.6530000000000000200, 0.05099999999999999700 ) ) ;
#743 =( GEOMETRIC_REPRESENTATION_CONTEXT ( 3 ) GLOBAL_UNCERTAINTY_ASSIGNED_CONTEXT ( ( #2597 ) ) GLOBAL_UNIT_ASSIGNED_CONTEXT ( ( #1486, #190, #1697 ) ) REPRESENTATION_CONTEXT ( 'NONE', 'WORKASPACE' ) );
#744 = DIRECTION ( 'NONE',  ( 0.0000000000000000000, -0.0000000000000000000, -1.000000000000000000 ) ) ;
#745 = DIRECTION ( 'NONE',  ( 0.0000000000000000000, -1.000000000000000000, 0.0000000000000000000 ) ) ;
#746 = VECTOR ( 'NONE', #1293, 1000.000000000000000 ) ;
#747 = CARTESIAN_POINT ( 'NONE',  ( -0.1520000000000000000, -1.510999999999999900, 0.0000000000000000000 ) ) ;
#748 = CLOSED_SHELL ( 'NONE', ( #381, #791, #2490, #2304, #1161, #1639 ) ) ;
#749 = PRESENTATION_LAYER_ASSIGNMENT (  '', '', ( #486 ) ) ;
#750 = VECTOR ( 'NONE', #606, 1000.000000000000000 ) ;
#751 = VECTOR ( 'NONE', #1739, 1000.000000000000000 ) ;
#752 = ORIENTED_EDGE ( 'NONE', *, *, #2165, .T. ) ;
#753 = LINE ( 'NONE', #339, #1275 ) ;
#754 = VERTEX_POINT ( 'NONE', #1084 ) ;
#755 = DIRECTION ( 'NONE',  ( 0.0000000000000000000, -0.0000000000000000000, 1.000000000000000000 ) ) ;
#756 = CARTESIAN_POINT ( 'NONE',  ( -1.510999999999999900, 0.3479999999999999800, 0.05099999999999999700 ) ) ;
#757 = LINE ( 'NONE', #366, #185 ) ;
#758 = AXIS2_PLACEMENT_3D ( 'NONE', #1291, #197, #1494 ) ;
#759 = DIRECTION ( 'NONE',  ( 1.000000000000000000, 0.0000000000000000000, -0.0000000000000000000 ) ) ;
#760 = PLANE ( 'NONE',  #1137 ) ;
#761 = CIRCLE ( 'NONE', #918, 0.1009649999999999600 ) ;
#762 = CARTESIAN_POINT ( 'NONE',  ( 2.019000000000000100, -0.1520000000000000000, 0.05099999999999999700 ) ) ;
#763 = EDGE_LOOP ( 'NONE', ( #547, #2690, #2695, #2140 ) ) ;
#764 = CLOSED_SHELL ( 'NONE', ( #1221, #2628, #1364, #2702, #933, #2189 ) ) ;
#765 = CARTESIAN_POINT ( 'NONE',  ( 2.019000000000000100, -0.3479999999999999800, 0.0000000000000000000 ) ) ;
#766 = CARTESIAN_POINT ( 'NONE',  ( -2.019000000000000100, 1.153000000000000000, 0.05099999999999999700 ) ) ;
#767 = PLANE ( 'NONE',  #43 ) ;
#768 = CARTESIAN_POINT ( 'NONE',  ( -2.019000000000000100, -2.019000000000000100, 0.05099999999999999700 ) ) ;
#769 = EDGE_CURVE ( 'NONE', #2425, #210, #2129, .T. ) ;
#770 = CLOSED_SHELL ( 'NONE', ( #371, #2428, #1003, #2101, #2266, #953 ) ) ;
#771 = EDGE_CURVE ( 'NONE', #1073, #58, #509, .T. ) ;
#772 = ORIENTED_EDGE ( 'NONE', *, *, #537, .F. ) ;
#773 = VERTEX_POINT ( 'NONE', #2691 ) ;
#774 = PLANE ( 'NONE',  #217 ) ;
#775 = ADVANCED_FACE ( 'NONE', ( #2638 ), #2485, .T. ) ;
#776 = DIRECTION ( 'NONE',  ( 0.0000000000000000000, -0.0000000000000000000, -1.000000000000000000 ) ) ;
#777 = ORIENTED_EDGE ( 'NONE', *, *, #1559, .F. ) ;
#778 = DIRECTION ( 'NONE',  ( 0.0000000000000000000, -1.000000000000000000, 0.0000000000000000000 ) ) ;
#779 = SHAPE_DEFINITION_REPRESENTATION ( #409, #36 ) ;
#780 = FACE_OUTER_BOUND ( 'NONE', #2038, .T. ) ;
#781 = SURFACE_STYLE_USAGE ( .BOTH. , #859 ) ;
#782 = EDGE_CURVE ( 'NONE', #2274, #2037, #993, .T. ) ;
#783 = ORIENTED_EDGE ( 'NONE', *, *, #453, .F. ) ;
#784 = PLANE ( 'NONE',  #2524 ) ;
#785 = CARTESIAN_POINT ( 'NONE',  ( 1.510999999999999900, 0.6530000000000000200, 0.0000000000000000000 ) ) ;
#786 = LINE ( 'NONE', #1115, #1848 ) ;
#787 = EDGE_CURVE ( 'NONE', #1753, #2667, #1703, .T. ) ;
#788 = MECHANICAL_DESIGN_GEOMETRIC_PRESENTATION_REPRESENTATION (  '', ( #361 ), #944 ) ;
#789 = LINE ( 'NONE', #1730, #2162 ) ;
#790 = ORIENTED_EDGE ( 'NONE', *, *, #1445, .T. ) ;
#791 = ADVANCED_FACE ( 'NONE', ( #2057 ), #211, .T. ) ;
#792 = CARTESIAN_POINT ( 'NONE',  ( -1.510999999999999900, -0.3479999999999999800, 0.0000000000000000000 ) ) ;
#793 = VECTOR ( 'NONE', #574, 1000.000000000000000 ) ;
#794 = CARTESIAN_POINT ( 'NONE',  ( 0.3479999999999999800, -2.019000000000000100, 0.0000000000000000000 ) ) ;
#795 = CARTESIAN_POINT ( 'NONE',  ( 1.510999999999999900, 0.8479999999999999800, 0.0000000000000000000 ) ) ;
#796 = VECTOR ( 'NONE', #2343, 1000.000000000000000 ) ;
#797 = DIRECTION ( 'NONE',  ( 0.0000000000000000000, 1.000000000000000000, 0.0000000000000000000 ) ) ;
#798 = CARTESIAN_POINT ( 'NONE',  ( -1.510999999999999900, 0.1520000000000000000, 0.0000000000000000000 ) ) ;
#799 = CARTESIAN_POINT ( 'NONE',  ( -1.510999999999999900, 0.8479999999999999800, 0.05099999999999999700 ) ) ;
#800 = VERTEX_POINT ( 'NONE', #1487 ) ;
#801 = DIRECTION ( 'NONE',  ( -0.0000000000000000000, 0.0000000000000000000, 1.000000000000000000 ) ) ;
#802 = ORIENTED_EDGE ( 'NONE', *, *, #139, .F. ) ;
#803 = DIRECTION ( 'NONE',  ( 0.0000000000000000000, -0.0000000000000000000, 1.000000000000000000 ) ) ;
#804 = ADVANCED_FACE ( '$', ( #1512 ), #2557, .T. ) ;
#805 = PLANE ( 'NONE',  #1951 ) ;
#806 = DIRECTION ( 'NONE',  ( 0.0000000000000000000, -1.000000000000000000, 0.0000000000000000000 ) ) ;
#807 = EDGE_LOOP ( 'NONE', ( #300, #2125, #1648, #1485 ) ) ;
#808 = PLANE ( 'NONE',  #2558 ) ;
#809 = AXIS2_PLACEMENT_3D ( 'NONE', #2635, #1777, #512 ) ;
#810 =( NAMED_UNIT ( * ) PLANE_ANGLE_UNIT ( ) SI_UNIT ( $, .RADIAN. ) );
#811 = EDGE_CURVE ( 'NONE', #2378, #994, #1432, .T. ) ;
#812 = CARTESIAN_POINT ( 'NONE',  ( -2.019000000000000100, 1.153000000000000000, 0.0000000000000000000 ) ) ;
#813 = CARTESIAN_POINT ( 'NONE',  ( 1.510999999999999900, -0.3479999999999999800, 0.05099999999999999700 ) ) ;
#814 = CARTESIAN_POINT ( 'NONE',  ( 1.510999999999999900, -1.153000000000000000, 0.0000000000000000000 ) ) ;
#815 = CARTESIAN_POINT ( 'NONE',  ( 1.510999999999999900, 0.8479999999999999800, 0.0000000000000000000 ) ) ;
#816 =( NAMED_UNIT ( * ) SI_UNIT ( $, .STERADIAN. ) SOLID_ANGLE_UNIT ( ) );
#817 = ADVANCED_FACE ( 'NONE', ( #285 ), #639, .T. ) ;
#818 = LINE ( 'NONE', #1893, #1882 ) ;
#819 = ORIENTED_EDGE ( 'NONE', *, *, #1638, .T. ) ;
#820 = VECTOR ( 'NONE', #1662, 1000.000000000000000 ) ;
#821 = LINE ( 'NONE', #1546, #898 ) ;
#822 = ORIENTED_EDGE ( 'NONE', *, *, #2286, .T. ) ;
#823 =( NAMED_UNIT ( * ) PLANE_ANGLE_UNIT ( ) SI_UNIT ( $, .RADIAN. ) );
#824 = PRESENTATION_STYLE_ASSIGNMENT (( #2768 ) ) ;
#825 = VECTOR ( 'NONE', #591, 1000.000000000000000 ) ;
#826 = ORIENTED_EDGE ( 'NONE', *, *, #1942, .F. ) ;
#827 = EDGE_CURVE ( 'NONE', #13, #729, #2578, .T. ) ;
#828 = DIRECTION ( 'NONE',  ( -1.000000000000000000, -0.0000000000000000000, -0.0000000000000000000 ) ) ;
#829 = DIRECTION ( 'NONE',  ( -1.000000000000000000, 0.0000000000000000000, 0.0000000000000000000 ) ) ;
#830 = EDGE_CURVE ( 'NONE', #1982, #205, #2487, .T. ) ;
#831 = CARTESIAN_POINT ( 'NONE',  ( -1.510999999999999900, 1.153000000000000000, 0.0000000000000000000 ) ) ;
#832 = FACE_OUTER_BOUND ( 'NONE', #2300, .T. ) ;
#833 = AXIS2_PLACEMENT_3D ( 'NONE', #9, #1926, #655 ) ;
#834 = ADVANCED_FACE ( 'NONE', ( #223 ), #1896, .T. ) ;
#835 = CARTESIAN_POINT ( 'NONE',  ( 0.6530000000000000200, -2.019000000000000100, 0.05099999999999999700 ) ) ;
#836 = VECTOR ( 'NONE', #104, 1000.000000000000000 ) ;
#837 = DIRECTION ( 'NONE',  ( -0.0000000000000000000, -1.000000000000000000, -0.0000000000000000000 ) ) ;
#838 = AXIS2_PLACEMENT_3D ( 'NONE', #1129, #1336, #48 ) ;
#839 = VERTEX_POINT ( 'NONE', #2318 ) ;
#840 = CARTESIAN_POINT ( 'NONE',  ( 1.510999999999999900, -0.8479999999999999800, 0.0000000000000000000 ) ) ;
#841 = PLANE ( 'NONE',  #2505 ) ;
#842 = DIRECTION ( 'NONE',  ( 0.0000000000000000000, 1.000000000000000000, -0.0000000000000000000 ) ) ;
#843 = CLOSED_SHELL ( 'NONE', ( #1473, #2764, #1238, #1035, #1442, #1844 ) ) ;
#844 = CARTESIAN_POINT ( 'NONE',  ( 0.3479999999999999800, -1.510999999999999900, 0.0000000000000000000 ) ) ;
#845 = PLANE ( 'NONE',  #551 ) ;
#846 = ORIENTED_EDGE ( 'NONE', *, *, #1146, .F. ) ;
#847 = MANIFOLD_SOLID_BREP ( 'Imported8', #2229 ) ;
#848 = EDGE_LOOP ( 'NONE', ( #2725, #1507, #1286, #458 ) ) ;
#849 = CARTESIAN_POINT ( 'NONE',  ( 1.510999999999999900, 0.3479999999999999800, 0.05099999999999999700 ) ) ;
#850 = EDGE_LOOP ( 'NONE', ( #1193, #1850, #324, #55 ) ) ;
#851 = ORIENTED_EDGE ( 'NONE', *, *, #660, .F. ) ;
#852 = EDGE_CURVE ( 'NONE', #1537, #1826, #2000, .T. ) ;
#853 = CARTESIAN_POINT ( 'NONE',  ( -2.019000000000000100, 0.3479999999999999800, 0.0000000000000000000 ) ) ;
#854 = PRESENTATION_LAYER_ASSIGNMENT (  '', '', ( #566 ) ) ;
#855 = DIRECTION ( 'NONE',  ( 0.0000000000000000000, 0.0000000000000000000, -1.000000000000000000 ) ) ;
#856 = PLANE ( 'NONE',  #833 ) ;
#857 = ORIENTED_EDGE ( 'NONE', *, *, #504, .F. ) ;
#858 = PLANE ( 'NONE',  #1471 ) ;
#859 = SURFACE_SIDE_STYLE ('',( #2612 ) ) ;
#860 = MECHANICAL_DESIGN_GEOMETRIC_PRESENTATION_REPRESENTATION (  '', ( #434 ), #995 ) ;
#861 = ORIENTED_EDGE ( 'NONE', *, *, #2441, .T. ) ;
#862 = VECTOR ( 'NONE', #1548, 1000.000000000000000 ) ;
#863 = VECTOR ( 'NONE', #2072, 1000.000000000000000 ) ;
#864 = ORIENTED_EDGE ( 'NONE', *, *, #335, .T. ) ;
#865 = CARTESIAN_POINT ( 'NONE',  ( 1.153000000000000000, 2.019000000000000100, 0.0000000000000000000 ) ) ;
#866 = FACE_OUTER_BOUND ( 'NONE', #2421, .T. ) ;
#867 = SURFACE_STYLE_FILL_AREA ( #1675 ) ;
#868 = PLANE ( 'NONE',  #2347 ) ;
#869 = VERTEX_POINT ( 'NONE', #916 ) ;
#870 = LINE ( 'NONE', #1175, #26 ) ;
#871 = DIRECTION ( 'NONE',  ( -0.0000000000000000000, 0.0000000000000000000, 1.000000000000000000 ) ) ;
#872 = CARTESIAN_POINT ( 'NONE',  ( -1.510999999999999900, -0.6530000000000000200, 0.0000000000000000000 ) ) ;
#873 = ORIENTED_EDGE ( 'NONE', *, *, #15, .F. ) ;
#874 = VECTOR ( 'NONE', #2540, 1000.000000000000000 ) ;
#875 = PLANE ( 'NONE',  #2033 ) ;
#876 = DIRECTION ( 'NONE',  ( 0.0000000000000000000, -1.000000000000000000, 0.0000000000000000000 ) ) ;
#877 = VERTEX_POINT ( 'NONE', #2105 ) ;
#878 = PRESENTATION_LAYER_ASSIGNMENT (  '', '', ( #587 ) ) ;
#879 = VECTOR ( 'NONE', #2270, 1000.000000000000000 ) ;
#880 = EDGE_CURVE ( 'NONE', #695, #1037, #2217, .T. ) ;
#881 = DIRECTION ( 'NONE',  ( 0.0000000000000000000, 1.000000000000000000, -0.0000000000000000000 ) ) ;
#882 = EDGE_CURVE ( 'NONE', #1995, #704, #1667, .T. ) ;
#883 = FACE_OUTER_BOUND ( 'NONE', #982, .T. ) ;
#884 = EDGE_LOOP ( 'NONE', ( #2137, #2341, #1310, #2518 ) ) ;
#885 = CARTESIAN_POINT ( 'NONE',  ( -2.019000000000000100, -0.3479999999999999800, 0.05099999999999999700 ) ) ;
#886 = CARTESIAN_POINT ( 'NONE',  ( 0.3479999999999999800, -1.510999999999999900, 0.0000000000000000000 ) ) ;
#887 = ORIENTED_EDGE ( 'NONE', *, *, #691, .T. ) ;
#888 = CARTESIAN_POINT ( 'NONE',  ( -2.019000000000000100, 0.1520000000000000000, 0.0000000000000000000 ) ) ;
#889 = EDGE_LOOP ( 'NONE', ( #1557, #2316, #2333, #598 ) ) ;
#890 = DIRECTION ( 'NONE',  ( 0.0000000000000000000, 0.0000000000000000000, 1.000000000000000000 ) ) ;
#891 = EDGE_CURVE ( 'NONE', #1522, #1890, #789, .T. ) ;
#892 = DIRECTION ( 'NONE',  ( -1.000000000000000000, 0.0000000000000000000, 0.0000000000000000000 ) ) ;
#893 = AXIS2_PLACEMENT_3D ( 'NONE', #1290, #1088, #2576 ) ;
#894 = PLANE ( 'NONE',  #1981 ) ;
#895 = LINE ( 'NONE', #2364, #306 ) ;
#896 = SURFACE_STYLE_FILL_AREA ( #2580 ) ;
#897 = LINE ( 'NONE', #1229, #2024 ) ;
#898 = VECTOR ( 'NONE', #2605, 1000.000000000000000 ) ;
#899 = VERTEX_POINT ( 'NONE', #1050 ) ;
#900 = PLANE ( 'NONE',  #2148 ) ;
#901 = SURFACE_STYLE_FILL_AREA ( #2539 ) ;
#902 = LINE ( 'NONE', #2500, #1969 ) ;
#903 = ORIENTED_EDGE ( 'NONE', *, *, #254, .T. ) ;
#904 = CARTESIAN_POINT ( 'NONE',  ( 2.019000000000000100, 0.1520000000000000000, 0.0000000000000000000 ) ) ;
#905 = CARTESIAN_POINT ( 'NONE',  ( -0.6530000000000000200, -1.510999999999999900, 0.05099999999999999700 ) ) ;
#906 = LINE ( 'NONE', #255, #1396 ) ;
#907 = MECHANICAL_DESIGN_GEOMETRIC_PRESENTATION_REPRESENTATION (  '', ( #486 ), #1049 ) ;
#908 = VECTOR ( 'NONE', #2457, 1000.000000000000000 ) ;
#909 = EDGE_LOOP ( 'NONE', ( #2299, #826, #1123, #2470 ) ) ;
#910 = DIRECTION ( 'NONE',  ( -1.000000000000000000, 0.0000000000000000000, -0.0000000000000000000 ) ) ;
#911 = CARTESIAN_POINT ( 'NONE',  ( -0.1520000000000000000, -2.019000000000000100, 0.05099999999999999700 ) ) ;
#912 =( LENGTH_UNIT ( ) NAMED_UNIT ( * ) SI_UNIT ( .MILLI., .METRE. ) );
#913 = DIRECTION ( 'NONE',  ( -0.0000000000000000000, -1.000000000000000000, -0.0000000000000000000 ) ) ;
#914 = ORIENTED_EDGE ( 'NONE', *, *, #1731, .F. ) ;
#915 = DIRECTION ( 'NONE',  ( -0.0000000000000000000, 0.0000000000000000000, 1.000000000000000000 ) ) ;
#916 = CARTESIAN_POINT ( 'NONE',  ( -1.514035000000000200, 1.500000000000000000, 0.8890000000000000100 ) ) ;
#917 = VERTEX_POINT ( 'NONE', #2760 ) ;
#918 = AXIS2_PLACEMENT_3D ( 'NONE', #1650, #595, #1857 ) ;
#919 = EDGE_CURVE ( 'NONE', #2660, #2541, #1031, .T. ) ;
#920 = EDGE_CURVE ( 'NONE', #704, #42, #536, .T. ) ;
#921 = DIRECTION ( 'NONE',  ( 0.0000000000000000000, 0.0000000000000000000, -1.000000000000000000 ) ) ;
#922 = LINE ( 'NONE', #1529, #2630 ) ;
#923 = LINE ( 'NONE', #2694, #863 ) ;
#924 = PLANE ( 'NONE',  #926 ) ;
#925 = ORIENTED_EDGE ( 'NONE', *, *, #76, .F. ) ;
#926 = AXIS2_PLACEMENT_3D ( 'NONE', #1150, #289, #710 ) ;
#927 = AXIS2_PLACEMENT_3D ( 'NONE', #491, #2434, #1178 ) ;
#928 = FACE_OUTER_BOUND ( 'NONE', #1856, .T. ) ;
#929 = VECTOR ( 'NONE', #1018, 1000.000000000000000 ) ;
#930 = ORIENTED_EDGE ( 'NONE', *, *, #1651, .T. ) ;
#931 = UNCERTAINTY_MEASURE_WITH_UNIT (LENGTH_MEASURE( 1.000000000000000100E-005 ), #739, 'distance_accuracy_value', 'NONE');
#932 = VECTOR ( 'NONE', #1612, 1000.000000000000000 ) ;
#933 = ADVANCED_FACE ( 'NONE', ( #2092 ), #1261, .T. ) ;
#934 = ORIENTED_EDGE ( 'NONE', *, *, #240, .F. ) ;
#935 = VECTOR ( 'NONE', #2719, 1000.000000000000000 ) ;
#936 = ORIENTED_EDGE ( 'NONE', *, *, #1525, .F. ) ;
#937 = CARTESIAN_POINT ( 'NONE',  ( 1.510999999999999900, 0.1520000000000000000, 0.0000000000000000000 ) ) ;
#938 = LINE ( 'NONE', #2521, #2582 ) ;
#939 = EDGE_CURVE ( 'NONE', #839, #713, #2739, .T. ) ;
#940 = LINE ( 'NONE', #1059, #2064 ) ;
#941 = EDGE_CURVE ( 'NONE', #1037, #202, #1547, .T. ) ;
#942 = ORIENTED_EDGE ( 'NONE', *, *, #28, .T. ) ;
#943 = VERTEX_POINT ( 'NONE', #2738 ) ;
#944 =( GEOMETRIC_REPRESENTATION_CONTEXT ( 3 ) GLOBAL_UNCERTAINTY_ASSIGNED_CONTEXT ( ( #2196 ) ) GLOBAL_UNIT_ASSIGNED_CONTEXT ( ( #119, #1403, #2681 ) ) REPRESENTATION_CONTEXT ( 'NONE', 'WORKASPACE' ) );
#945 = CARTESIAN_POINT ( 'NONE',  ( -1.510999999999999900, 0.3479999999999999800, 0.05099999999999999700 ) ) ;
#946 = PLANE ( 'NONE',  #336 ) ;
#947 = ADVANCED_FACE ( 'NONE', ( #1469 ), #2290, .T. ) ;
#948 = CARTESIAN_POINT ( 'NONE',  ( -2.019000000000000100, -0.1520000000000000000, 0.0000000000000000000 ) ) ;
#949 = AXIS2_PLACEMENT_3D ( 'NONE', #1014, #1805, #1642 ) ;
#950 = ORIENTED_EDGE ( 'NONE', *, *, #2237, .T. ) ;
#951 = ORIENTED_EDGE ( 'NONE', *, *, #1774, .T. ) ;
#952 = LINE ( 'NONE', #813, #2658 ) ;
#953 = ADVANCED_FACE ( 'NONE', ( #963 ), #154, .T. ) ;
#954 = LINE ( 'NONE', #1526, #385 ) ;
#955 = FACE_OUTER_BOUND ( 'NONE', #1988, .T. ) ;
#956 = EDGE_CURVE ( 'NONE', #2037, #1172, #314, .T. ) ;
#957 = SURFACE_SIDE_STYLE ('',( #349 ) ) ;
#958 = ORIENTED_EDGE ( 'NONE', *, *, #1131, .T. ) ;
#959 = LINE ( 'NONE', #2053, #309 ) ;
#960 = VECTOR ( 'NONE', #1987, 1000.000000000000000 ) ;
#961 = EDGE_LOOP ( 'NONE', ( #2163, #723, #1983, #930 ) ) ;
#962 = CARTESIAN_POINT ( 'NONE',  ( -1.153000000000000000, 1.510999999999999900, 0.0000000000000000000 ) ) ;
#963 = FACE_OUTER_BOUND ( 'NONE', #79, .T. ) ;
#964 = VECTOR ( 'NONE', #1478, 1000.000000000000000 ) ;
#965 = LINE ( 'NONE', #1545, #2034 ) ;
#966 = CARTESIAN_POINT ( 'NONE',  ( 0.3479999999999999800, -1.510999999999999900, 0.0000000000000000000 ) ) ;
#967 = CARTESIAN_POINT ( 'NONE',  ( -0.8479999999999999800, 1.510999999999999900, 0.05099999999999999700 ) ) ;
#968 = ORIENTED_EDGE ( 'NONE', *, *, #2503, .T. ) ;
#969 = CARTESIAN_POINT ( 'NONE',  ( 1.510999999999999900, -0.8479999999999999800, 0.0000000000000000000 ) ) ;
#970 = CARTESIAN_POINT ( 'NONE',  ( -1.153000000000000000, 1.510999999999999900, 0.0000000000000000000 ) ) ;
#971 = EDGE_CURVE ( 'NONE', #462, #214, #902, .T. ) ;
#972 = EDGE_CURVE ( 'NONE', #1528, #581, #2530, .T. ) ;
#973 = PLANE ( 'NONE',  #1759 ) ;
#974 = ORIENTED_EDGE ( 'NONE', *, *, #59, .F. ) ;
#975 = CARTESIAN_POINT ( 'NONE',  ( -1.153000000000000000, 2.019000000000000100, 0.0000000000000000000 ) ) ;
#976 = ORIENTED_EDGE ( 'NONE', *, *, #1978, .F. ) ;
#977 = CARTESIAN_POINT ( 'NONE',  ( 2.019000000000000100, -0.6530000000000000200, 0.05099999999999999700 ) ) ;
#978 = CARTESIAN_POINT ( 'NONE',  ( 0.6530000000000000200, -2.019000000000000100, 0.0000000000000000000 ) ) ;
#979 = CARTESIAN_POINT ( 'NONE',  ( -0.3479999999999999800, -1.510999999999999900, 0.0000000000000000000 ) ) ;
#980 = DIRECTION ( 'NONE',  ( -0.0000000000000000000, 0.0000000000000000000, -1.000000000000000000 ) ) ;
#981 = DIRECTION ( 'NONE',  ( 0.0000000000000000000, -1.000000000000000000, 0.0000000000000000000 ) ) ;
#982 = EDGE_LOOP ( 'NONE', ( #1564, #688, #2564, #523 ) ) ;
#983 = VECTOR ( 'NONE', #1723, 1000.000000000000000 ) ;
#984 = VECTOR ( 'NONE', #1259, 1000.000000000000000 ) ;
#985 = EDGE_CURVE ( 'NONE', #253, #1431, #2028, .T. ) ;
#986 = MECHANICAL_DESIGN_GEOMETRIC_PRESENTATION_REPRESENTATION (  '', ( #566 ), #1148 ) ;
#987 = LINE ( 'NONE', #1909, #2632 ) ;
#988 = VECTOR ( 'NONE', #1272, 1000.000000000000000 ) ;
#989 = ORIENTED_EDGE ( 'NONE', *, *, #1130, .T. ) ;
#990 = VECTOR ( 'NONE', #755, 1000.000000000000000 ) ;
#991 = DIRECTION ( 'NONE',  ( 1.000000000000000000, 0.0000000000000000000, -0.0000000000000000000 ) ) ;
#992 = CARTESIAN_POINT ( 'NONE',  ( 2.019000000000000100, 0.6530000000000000200, 0.05099999999999999700 ) ) ;
#993 = LINE ( 'NONE', #2497, #439 ) ;
#994 = VERTEX_POINT ( 'NONE', #2720 ) ;
#995 =( GEOMETRIC_REPRESENTATION_CONTEXT ( 3 ) GLOBAL_UNCERTAINTY_ASSIGNED_CONTEXT ( ( #734 ) ) GLOBAL_UNIT_ASSIGNED_CONTEXT ( ( #167, #2507, #1870 ) ) REPRESENTATION_CONTEXT ( 'NONE', 'WORKASPACE' ) );
#996 = CARTESIAN_POINT ( 'NONE',  ( -2.019000000000000100, -0.1520000000000000000, 0.0000000000000000000 ) ) ;
#997 = DIRECTION ( 'NONE',  ( 0.0000000000000000000, -0.0000000000000000000, 1.000000000000000000 ) ) ;
#998 = LINE ( 'NONE', #84, #1581 ) ;
#999 = DIRECTION ( 'NONE',  ( 0.0000000000000000000, -0.0000000000000000000, -1.000000000000000000 ) ) ;
#1000 = ADVANCED_FACE ( 'NONE', ( #1891 ), #1437, .T. ) ;
#1001 = ORIENTED_EDGE ( 'NONE', *, *, #2773, .T. ) ;
#1002 = DIRECTION ( 'NONE',  ( 0.0000000000000000000, -0.0000000000000000000, 1.000000000000000000 ) ) ;
#1003 = ADVANCED_FACE ( 'NONE', ( #257 ), #2062, .T. ) ;
#1004 = DIRECTION ( 'NONE',  ( -0.0000000000000000000, -1.000000000000000000, -0.0000000000000000000 ) ) ;
#1005 = PLANE ( 'NONE',  #1071 ) ;
#1006 = DIRECTION ( 'NONE',  ( -0.0000000000000000000, -1.000000000000000000, -0.0000000000000000000 ) ) ;
#1007 = MECHANICAL_DESIGN_GEOMETRIC_PRESENTATION_REPRESENTATION (  '', ( #587 ), #1160 ) ;
#1008 = EDGE_CURVE ( 'NONE', #1315, #2550, #183, .T. ) ;
#1009 = EDGE_CURVE ( 'NONE', #1967, #2020, #1392, .T. ) ;
#1010 = VERTEX_POINT ( 'NONE', #1213 ) ;
#1011 = DIRECTION ( 'NONE',  ( 0.0000000000000000000, 0.0000000000000000000, 1.000000000000000000 ) ) ;
#1012 = CARTESIAN_POINT ( 'NONE',  ( -0.3479999999999999800, -2.019000000000000100, 0.0000000000000000000 ) ) ;
#1013 = CARTESIAN_POINT ( 'NONE',  ( 0.3479999999999999800, -2.019000000000000100, 0.05099999999999999700 ) ) ;
#1014 = CARTESIAN_POINT ( 'NONE',  ( 1.510999999999999900, 0.3479999999999999800, 0.05099999999999999700 ) ) ;
#1015 = CARTESIAN_POINT ( 'NONE',  ( 0.1520000000000000000, -2.019000000000000100, 0.0000000000000000000 ) ) ;
#1016 = ADVANCED_FACE ( 'NONE', ( #699 ), #774, .T. ) ;
#1017 = ORIENTED_EDGE ( 'NONE', *, *, #2026, .T. ) ;
#1018 = DIRECTION ( 'NONE',  ( -0.0000000000000000000, -0.0000000000000000000, -1.000000000000000000 ) ) ;
#1019 = CARTESIAN_POINT ( 'NONE',  ( -2.019000000000000100, -0.1520000000000000000, 0.05099999999999999700 ) ) ;
#1020 = ORIENTED_EDGE ( 'NONE', *, *, #61, .F. ) ;
#1021 = DIRECTION ( 'NONE',  ( 1.000000000000000000, 0.0000000000000000000, -0.0000000000000000000 ) ) ;
#1022 = DIRECTION ( 'NONE',  ( -0.0000000000000000000, -0.0000000000000000000, -1.000000000000000000 ) ) ;
#1023 = LINE ( 'NONE', #2779, #468 ) ;
#1024 = CARTESIAN_POINT ( 'NONE',  ( -1.153000000000000000, 1.510999999999999900, 0.05099999999999999700 ) ) ;
#1025 = DIRECTION ( 'NONE',  ( 0.0000000000000000000, 0.0000000000000000000, 1.000000000000000000 ) ) ;
#1026 = LINE ( 'NONE', #1217, #1542 ) ;
#1027 = VECTOR ( 'NONE', #1997, 1000.000000000000000 ) ;
#1028 = UNCERTAINTY_MEASURE_WITH_UNIT (LENGTH_MEASURE( 1.000000000000000100E-005 ), #1285, 'distance_accuracy_value', 'NONE');
#1029 = EDGE_LOOP ( 'NONE', ( #2359, #35, #1345, #903 ) ) ;
#1030 = EDGE_CURVE ( 'NONE', #800, #1528, #753, .T. ) ;
#1031 = LINE ( 'NONE', #402, #476 ) ;
#1032 =( NAMED_UNIT ( * ) SI_UNIT ( $, .STERADIAN. ) SOLID_ANGLE_UNIT ( ) );
#1033 = VERTEX_POINT ( 'NONE', #1628 ) ;
#1034 = CARTESIAN_POINT ( 'NONE',  ( 2.019000000000000100, 2.019000000000000100, 0.8890000000000000100 ) ) ;
#1035 = ADVANCED_FACE ( 'NONE', ( #117 ), #126, .T. ) ;
#1036 = LINE ( 'NONE', #2711, #2672 ) ;
#1037 = VERTEX_POINT ( 'NONE', #1641 ) ;
#1038 = DIRECTION ( 'NONE',  ( 0.0000000000000000000, 1.000000000000000000, -0.0000000000000000000 ) ) ;
#1039 = LINE ( 'NONE', #1323, #482 ) ;
#1040 = PLANE ( 'NONE',  #1501 ) ;
#1041 = CARTESIAN_POINT ( 'NONE',  ( 0.8479999999999999800, -2.019000000000000100, 0.0000000000000000000 ) ) ;
#1042 = EDGE_LOOP ( 'NONE', ( #2076, #2302, #1393, #1943 ) ) ;
#1043 = ORIENTED_EDGE ( 'NONE', *, *, #504, .T. ) ;
#1044 = CARTESIAN_POINT ( 'NONE',  ( -1.153000000000000000, 1.510999999999999900, 0.05099999999999999700 ) ) ;
#1045 = ORIENTED_EDGE ( 'NONE', *, *, #1309, .T. ) ;
#1046 = FILL_AREA_STYLE ('',( #524 ) ) ;
#1047 = VERTEX_POINT ( 'NONE', #560 ) ;
#1048 = CARTESIAN_POINT ( 'NONE',  ( 0.8479999999999999800, 2.019000000000000100, 0.0000000000000000000 ) ) ;
#1049 =( GEOMETRIC_REPRESENTATION_CONTEXT ( 3 ) GLOBAL_UNCERTAINTY_ASSIGNED_CONTEXT ( ( #2710 ) ) GLOBAL_UNIT_ASSIGNED_CONTEXT ( ( #457, #375, #383 ) ) REPRESENTATION_CONTEXT ( 'NONE', 'WORKASPACE' ) );
#1050 = CARTESIAN_POINT ( 'NONE',  ( 1.510999999999999900, -0.1520000000000000000, 0.05099999999999999700 ) ) ;
#1051 =( NAMED_UNIT ( * ) SI_UNIT ( $, .STERADIAN. ) SOLID_ANGLE_UNIT ( ) );
#1052 = DIRECTION ( 'NONE',  ( -0.0000000000000000000, -1.000000000000000000, -0.0000000000000000000 ) ) ;
#1053 = MANIFOLD_SOLID_BREP ( '$', #1234 ) ;
#1054 = CARTESIAN_POINT ( 'NONE',  ( -1.510999999999999900, -0.3479999999999999800, 0.0000000000000000000 ) ) ;
#1055 = DIRECTION ( 'NONE',  ( 1.000000000000000000, -0.0000000000000000000, 0.0000000000000000000 ) ) ;
#1056 = AXIS2_PLACEMENT_3D ( 'NONE', #2547, #632, #1900 ) ;
#1057 = CARTESIAN_POINT ( 'NONE',  ( -1.510999999999999900, -0.1520000000000000000, 0.05099999999999999700 ) ) ;
#1058 = ORIENTED_EDGE ( 'NONE', *, *, #2480, .F. ) ;
#1059 = CARTESIAN_POINT ( 'NONE',  ( 1.510999999999999900, 0.1520000000000000000, 0.0000000000000000000 ) ) ;
#1060 = CARTESIAN_POINT ( 'NONE',  ( 1.510999999999999900, -0.3479999999999999800, 0.0000000000000000000 ) ) ;
#1061 = CARTESIAN_POINT ( 'NONE',  ( -1.510999999999999900, 0.8479999999999999800, 0.0000000000000000000 ) ) ;
#1062 = FACE_OUTER_BOUND ( 'NONE', #503, .T. ) ;
#1063 = LINE ( 'NONE', #611, #2234 ) ;
#1064 = ORIENTED_EDGE ( 'NONE', *, *, #1711, .F. ) ;
#1065 = SURFACE_SIDE_STYLE ('',( #2381 ) ) ;
#1066 = VECTOR ( 'NONE', #1263, 1000.000000000000000 ) ;
#1067 = LINE ( 'NONE', #1483, #431 ) ;
#1068 = ORIENTED_EDGE ( 'NONE', *, *, #939, .F. ) ;
#1069 = DIRECTION ( 'NONE',  ( -0.0000000000000000000, 0.0000000000000000000, 1.000000000000000000 ) ) ;
#1070 = DIRECTION ( 'NONE',  ( 0.0000000000000000000, -0.0000000000000000000, 1.000000000000000000 ) ) ;
#1071 = AXIS2_PLACEMENT_3D ( 'NONE', #962, #778, #2261 ) ;
#1072 = LINE ( 'NONE', #1940, #2126 ) ;
#1073 = VERTEX_POINT ( 'NONE', #975 ) ;
#1074 = EDGE_CURVE ( 'NONE', #754, #1216, #1574, .T. ) ;
#1075 = CARTESIAN_POINT ( 'NONE',  ( -1.510999999999999900, 1.153000000000000000, 0.0000000000000000000 ) ) ;
#1076 = DIRECTION ( 'NONE',  ( 0.0000000000000000000, -1.000000000000000000, 0.0000000000000000000 ) ) ;
#1077 = FACE_OUTER_BOUND ( 'NONE', #2223, .T. ) ;
#1078 = EDGE_CURVE ( 'NONE', #1908, #724, #2127, .T. ) ;
#1079 = ORIENTED_EDGE ( 'NONE', *, *, #1097, .T. ) ;
#1080 = DIRECTION ( 'NONE',  ( 0.0000000000000000000, -0.0000000000000000000, 1.000000000000000000 ) ) ;
#1081 = VECTOR ( 'NONE', #1165, 1000.000000000000000 ) ;
#1082 = PRODUCT_DEFINITION ( 'UNKNOWN', '', #1211, #1136 ) ;
#1083 = DIRECTION ( 'NONE',  ( 0.0000000000000000000, -0.0000000000000000000, 1.000000000000000000 ) ) ;
#1084 = CARTESIAN_POINT ( 'NONE',  ( 2.019000000000000100, -0.3479999999999999800, 0.0000000000000000000 ) ) ;
#1085 = ORIENTED_EDGE ( 'NONE', *, *, #985, .F. ) ;
#1086 = CLOSED_SHELL ( 'NONE', ( #401, #1218, #2732, #1676, #2275, #1419 ) ) ;
#1087 = DIRECTION ( 'NONE',  ( -0.0000000000000000000, -1.000000000000000000, -0.0000000000000000000 ) ) ;
#1088 = DIRECTION ( 'NONE',  ( 0.0000000000000000000, -1.000000000000000000, 0.0000000000000000000 ) ) ;
#1089 = CARTESIAN_POINT ( 'NONE',  ( -2.019000000000000100, 2.019000000000000100, 0.05099999999999999700 ) ) ;
#1090 = DIRECTION ( 'NONE',  ( 1.000000000000000000, 0.0000000000000000000, -0.0000000000000000000 ) ) ;
#1091 = CARTESIAN_POINT ( 'NONE',  ( -0.6530000000000000200, -1.510999999999999900, 0.05099999999999999700 ) ) ;
#1092 = EDGE_CURVE ( 'NONE', #724, #1595, #2320, .T. ) ;
#1093 = DIRECTION ( 'NONE',  ( -0.0000000000000000000, 0.0000000000000000000, -1.000000000000000000 ) ) ;
#1094 = CARTESIAN_POINT ( 'NONE',  ( 1.153000000000000000, -1.510999999999999900, 0.0000000000000000000 ) ) ;
#1095 = ORIENTED_EDGE ( 'NONE', *, *, #448, .T. ) ;
#1096 = EDGE_LOOP ( 'NONE', ( #790, #1956, #2545, #1669 ) ) ;
#1097 = EDGE_CURVE ( 'NONE', #89, #1584, #2637, .T. ) ;
#1098 = CARTESIAN_POINT ( 'NONE',  ( 1.510999999999999900, 1.153000000000000000, 0.05099999999999999700 ) ) ;
#1099 = DIRECTION ( 'NONE',  ( -1.000000000000000000, -0.0000000000000000000, -0.0000000000000000000 ) ) ;
#1100 = DIRECTION ( 'NONE',  ( 1.000000000000000000, 0.0000000000000000000, 0.0000000000000000000 ) ) ;
#1101 = FILL_AREA_STYLE ('',( #2358 ) ) ;
#1102 = LINE ( 'NONE', #2079, #2729 ) ;
#1103 = ORIENTED_EDGE ( 'NONE', *, *, #465, .T. ) ;
#1104 = ORIENTED_EDGE ( 'NONE', *, *, #1523, .F. ) ;
#1105 = FILL_AREA_STYLE ('',( #2363 ) ) ;
#1106 = CARTESIAN_POINT ( 'NONE',  ( -1.510999999999999900, -0.6530000000000000200, 0.05099999999999999700 ) ) ;
#1107 = DIRECTION ( 'NONE',  ( 0.0000000000000000000, -0.0000000000000000000, -1.000000000000000000 ) ) ;
#1108 = ORIENTED_EDGE ( 'NONE', *, *, #378, .F. ) ;
#1109 = ORIENTED_EDGE ( 'NONE', *, *, #284, .T. ) ;
#1110 = VECTOR ( 'NONE', #2618, 1000.000000000000000 ) ;
#1111 = LINE ( 'NONE', #1361, #601 ) ;
#1112 = CARTESIAN_POINT ( 'NONE',  ( 2.019000000000000100, -0.3479999999999999800, 0.0000000000000000000 ) ) ;
#1113 = ORIENTED_EDGE ( 'NONE', *, *, #1942, .T. ) ;
#1114 = VECTOR ( 'NONE', #461, 1000.000000000000000 ) ;
#1115 = CARTESIAN_POINT ( 'NONE',  ( 1.510999999999999900, 0.3479999999999999800, 0.0000000000000000000 ) ) ;
#1116 = EDGE_LOOP ( 'NONE', ( #2194, #270, #1239, #968 ) ) ;
#1117 = AXIS2_PLACEMENT_3D ( 'NONE', #1156, #1360, #77 ) ;
#1118 = FACE_OUTER_BOUND ( 'NONE', #455, .T. ) ;
#1119 = CARTESIAN_POINT ( 'NONE',  ( -0.8479999999999999800, 1.510999999999999900, 0.0000000000000000000 ) ) ;
#1120 = CARTESIAN_POINT ( 'NONE',  ( -1.510999999999999900, 1.153000000000000000, 0.0000000000000000000 ) ) ;
#1121 = VERTEX_POINT ( 'NONE', #2677 ) ;
#1122 = PLANE ( 'NONE',  #555 ) ;
#1123 = ORIENTED_EDGE ( 'NONE', *, *, #28, .F. ) ;
#1124 = CARTESIAN_POINT ( 'NONE',  ( -0.1520000000000000000, -2.019000000000000100, 0.0000000000000000000 ) ) ;
#1125 = DIRECTION ( 'NONE',  ( -0.0000000000000000000, -1.000000000000000000, -0.0000000000000000000 ) ) ;
#1126 = ORIENTED_EDGE ( 'NONE', *, *, #105, .F. ) ;
#1127 = ORIENTED_EDGE ( 'NONE', *, *, #1458, .F. ) ;
#1128 = ORIENTED_EDGE ( 'NONE', *, *, #1559, .T. ) ;
#1129 = CARTESIAN_POINT ( 'NONE',  ( 1.510999999999999900, 1.153000000000000000, 0.0000000000000000000 ) ) ;
#1130 = EDGE_CURVE ( 'NONE', #519, #1905, #1509, .T. ) ;
#1131 = EDGE_CURVE ( 'NONE', #1967, #1145, #435, .T. ) ;
#1132 = FILL_AREA_STYLE_COLOUR ( '', #1476 ) ;
#1133 = AXIS2_PLACEMENT_3D ( 'NONE', #2356, #1311, #22 ) ;
#1134 =( NAMED_UNIT ( * ) SI_UNIT ( $, .STERADIAN. ) SOLID_ANGLE_UNIT ( ) );
#1135 = LINE ( 'NONE', #1434, #1756 ) ;
#1136 = PRODUCT_DEFINITION_CONTEXT ( 'detailed design', #1381, 'design' ) ;
#1137 = AXIS2_PLACEMENT_3D ( 'NONE', #2235, #2458, #1196 ) ;
#1138 = LINE ( 'NONE', #2311, #2570 ) ;
#1139 = VERTEX_POINT ( 'NONE', #108 ) ;
#1140 = DIRECTION ( 'NONE',  ( 0.0000000000000000000, -1.000000000000000000, 0.0000000000000000000 ) ) ;
#1141 = LINE ( 'NONE', #11, #2244 ) ;
#1142 = LINE ( 'NONE', #1678, #60 ) ;
#1143 = CLOSED_SHELL ( 'NONE', ( #715, #1016, #2527, #1151, #164, #2508 ) ) ;
#1144 = FACE_OUTER_BOUND ( 'NONE', #427, .T. ) ;
#1145 = VERTEX_POINT ( 'NONE', #545 ) ;
#1146 = EDGE_CURVE ( 'NONE', #1600, #1206, #2482, .T. ) ;
#1147 = MANIFOLD_SOLID_BREP ( 'Imported10', #770 ) ;
#1148 =( GEOMETRIC_REPRESENTATION_CONTEXT ( 3 ) GLOBAL_UNCERTAINTY_ASSIGNED_CONTEXT ( ( #440 ) ) GLOBAL_UNIT_ASSIGNED_CONTEXT ( ( #2653, #2423, #2007 ) ) REPRESENTATION_CONTEXT ( 'NONE', 'WORKASPACE' ) );
#1149 = CARTESIAN_POINT ( 'NONE',  ( 0.8479999999999999800, -1.510999999999999900, 0.0000000000000000000 ) ) ;
#1150 = CARTESIAN_POINT ( 'NONE',  ( -2.019000000000000100, 2.019000000000000100, 0.05099999999999999700 ) ) ;
#1151 = ADVANCED_FACE ( 'NONE', ( #1363 ), #2670, .T. ) ;
#1152 = EDGE_LOOP ( 'NONE', ( #976, #1726, #857, #2014 ) ) ;
#1153 = AXIS2_PLACEMENT_3D ( 'NONE', #380, #2256, #1849 ) ;
#1154 = ORIENTED_EDGE ( 'NONE', *, *, #2685, .F. ) ;
#1155 = ORIENTED_EDGE ( 'NONE', *, *, #1508, .T. ) ;
#1156 = CARTESIAN_POINT ( 'NONE',  ( -2.019000000000000100, 0.6530000000000000200, 0.0000000000000000000 ) ) ;
#1157 = VERTEX_POINT ( 'NONE', #2432 ) ;
#1158 = DIRECTION ( 'NONE',  ( 0.0000000000000000000, 0.0000000000000000000, 1.000000000000000000 ) ) ;
#1159 = ORIENTED_EDGE ( 'NONE', *, *, #2644, .T. ) ;
#1160 =( GEOMETRIC_REPRESENTATION_CONTEXT ( 3 ) GLOBAL_UNCERTAINTY_ASSIGNED_CONTEXT ( ( #1220 ) ) GLOBAL_UNIT_ASSIGNED_CONTEXT ( ( #29, #1533, #237 ) ) REPRESENTATION_CONTEXT ( 'NONE', 'WORKASPACE' ) );
#1161 = ADVANCED_FACE ( 'NONE', ( #1734 ), #2659, .T. ) ;
#1162 = EDGE_CURVE ( 'NONE', #2169, #2313, #1171, .T. ) ;
#1163 = CLOSED_SHELL ( 'NONE', ( #1847, #507, #2655, #515, #2016, #817 ) ) ;
#1164 = EDGE_CURVE ( 'NONE', #1964, #2466, #870, .T. ) ;
#1165 = DIRECTION ( 'NONE',  ( 0.0000000000000000000, -0.0000000000000000000, 1.000000000000000000 ) ) ;
#1166 = LINE ( 'NONE', #2718, #78 ) ;
#1167 = DIRECTION ( 'NONE',  ( -0.0000000000000000000, 0.0000000000000000000, 1.000000000000000000 ) ) ;
#1168 = ORIENTED_EDGE ( 'NONE', *, *, #2237, .F. ) ;
#1169 = COLOUR_RGB ( '',0.7215686274509803800, 0.7215686274509803800, 0.7215686274509803800 ) ;
#1170 = LINE ( 'NONE', #2394, #2213 ) ;
#1171 = LINE ( 'NONE', #1796, #86 ) ;
#1172 = VERTEX_POINT ( 'NONE', #2204 ) ;
#1173 = PLANE ( 'NONE',  #1661 ) ;
#1174 = EDGE_LOOP ( 'NONE', ( #1451, #1273, #1712, #664 ) ) ;
#1175 = CARTESIAN_POINT ( 'NONE',  ( -0.3479999999999999800, -2.019000000000000100, 0.0000000000000000000 ) ) ;
#1176 = ADVANCED_FACE ( 'NONE', ( #2214 ), #946, .T. ) ;
#1177 = LINE ( 'NONE', #1610, #1670 ) ;
#1178 = DIRECTION ( 'NONE',  ( 1.000000000000000000, 0.0000000000000000000, 0.0000000000000000000 ) ) ;
#1179 = EDGE_CURVE ( 'NONE', #2224, #449, #1111, .T. ) ;
#1180 = ORIENTED_EDGE ( 'NONE', *, *, #852, .F. ) ;
#1181 = AXIS2_PLACEMENT_3D ( 'NONE', #452, #662, #2143 ) ;
#1182 = CARTESIAN_POINT ( 'NONE',  ( 1.510999999999999900, -0.6530000000000000200, 0.05099999999999999700 ) ) ;
#1183 = CARTESIAN_POINT ( 'NONE',  ( -0.8479999999999999800, 2.019000000000000100, 0.05099999999999999700 ) ) ;
#1184 = AXIS2_PLACEMENT_3D ( 'NONE', #2555, #1707, #433 ) ;
#1185 = EDGE_LOOP ( 'NONE', ( #258, #100, #583, #1330 ) ) ;
#1186 = CARTESIAN_POINT ( 'NONE',  ( 0.8479999999999999800, -1.510999999999999900, 0.0000000000000000000 ) ) ;
#1187 = DIRECTION ( 'NONE',  ( 1.000000000000000000, -0.0000000000000000000, 0.0000000000000000000 ) ) ;
#1188 = ORIENTED_EDGE ( 'NONE', *, *, #209, .T. ) ;
#1189 = FACE_OUTER_BOUND ( 'NONE', #510, .T. ) ;
#1190 = ORIENTED_EDGE ( 'NONE', *, *, #333, .T. ) ;
#1191 = DIRECTION ( 'NONE',  ( 0.0000000000000000000, 1.000000000000000000, -0.0000000000000000000 ) ) ;
#1192 = VECTOR ( 'NONE', #1506, 1000.000000000000000 ) ;
#1193 = ORIENTED_EDGE ( 'NONE', *, *, #499, .T. ) ;
#1194 = STYLED_ITEM ( 'NONE', ( #279 ), #1527 ) ;
#1195 = CARTESIAN_POINT ( 'NONE',  ( 0.8479999999999999800, 2.019000000000000100, 0.0000000000000000000 ) ) ;
#1196 = DIRECTION ( 'NONE',  ( -0.0000000000000000000, 0.0000000000000000000, -1.000000000000000000 ) ) ;
#1197 = VECTOR ( 'NONE', #1069, 1000.000000000000000 ) ;
#1198 = COLOUR_RGB ( '',0.7215686274509803800, 0.7215686274509803800, 0.7215686274509803800 ) ;
#1199 = VECTOR ( 'NONE', #1191, 1000.000000000000000 ) ;
#1200 = CARTESIAN_POINT ( 'NONE',  ( -1.510999999999999900, 0.6530000000000000200, 0.05099999999999999700 ) ) ;
#1201 = FILL_AREA_STYLE_COLOUR ( '', #1198 ) ;
#1202 = LINE ( 'NONE', #1802, #67 ) ;
#1203 = DIRECTION ( 'NONE',  ( 0.0000000000000000000, 0.0000000000000000000, 1.000000000000000000 ) ) ;
#1204 = DIRECTION ( 'NONE',  ( -0.0000000000000000000, -1.000000000000000000, -0.0000000000000000000 ) ) ;
#1205 = EDGE_CURVE ( 'NONE', #1121, #704, #2284, .T. ) ;
#1206 = VERTEX_POINT ( 'NONE', #1586 ) ;
#1207 = EDGE_CURVE ( 'NONE', #877, #2757, #1664, .T. ) ;
#1208 = CARTESIAN_POINT ( 'NONE',  ( -0.3479999999999999800, -2.019000000000000100, 0.0000000000000000000 ) ) ;
#1209 = AXIS2_PLACEMENT_3D ( 'NONE', #63, #1140, #2399 ) ;
#1210 = PLANE ( 'NONE',  #1482 ) ;
#1211 = PRODUCT_DEFINITION_FORMATION_WITH_SPECIFIED_SOURCE ( 'ANY', '', #1783, .NOT_KNOWN. ) ;
#1212 = VERTEX_POINT ( 'NONE', #2197 ) ;
#1213 = CARTESIAN_POINT ( 'NONE',  ( 0.8479999999999999800, -2.019000000000000100, 0.05099999999999999700 ) ) ;
#1214 = VERTEX_POINT ( 'NONE', #714 ) ;
#1215 = CARTESIAN_POINT ( 'NONE',  ( -1.615000000000000200, 1.500000000000000000, 0.8890000000000000100 ) ) ;
#1216 = VERTEX_POINT ( 'NONE', #1779 ) ;
#1217 = CARTESIAN_POINT ( 'NONE',  ( 2.019000000000000100, 0.6530000000000000200, 0.05099999999999999700 ) ) ;
#1218 = ADVANCED_FACE ( 'NONE', ( #2086 ), #1580, .T. ) ;
#1219 = ORIENTED_EDGE ( 'NONE', *, *, #2106, .T. ) ;
#1220 = UNCERTAINTY_MEASURE_WITH_UNIT (LENGTH_MEASURE( 1.000000000000000100E-005 ), #29, 'distance_accuracy_value', 'NONE');
#1221 = ADVANCED_FACE ( 'NONE', ( #473 ), #924, .T. ) ;
#1222 = DIRECTION ( 'NONE',  ( -1.000000000000000000, 0.0000000000000000000, 0.0000000000000000000 ) ) ;
#1223 = CARTESIAN_POINT ( 'NONE',  ( 1.153000000000000000, -2.019000000000000100, 0.05099999999999999700 ) ) ;
#1224 = DIRECTION ( 'NONE',  ( -0.0000000000000000000, -0.0000000000000000000, -1.000000000000000000 ) ) ;
#1225 = EDGE_CURVE ( 'NONE', #1139, #102, #2158, .T. ) ;
#1226 = CARTESIAN_POINT ( 'NONE',  ( 0.3479999999999999800, -1.510999999999999900, 0.0000000000000000000 ) ) ;
#1227 = ORIENTED_EDGE ( 'NONE', *, *, #2195, .T. ) ;
#1228 = FACE_OUTER_BOUND ( 'NONE', #2187, .T. ) ;
#1229 = CARTESIAN_POINT ( 'NONE',  ( 2.019000000000000100, -0.8479999999999999800, 0.05099999999999999700 ) ) ;
#1230 = ORIENTED_EDGE ( 'NONE', *, *, #1686, .F. ) ;
#1231 = EDGE_CURVE ( 'NONE', #214, #2095, #1599, .T. ) ;
#1232 = VERTEX_POINT ( 'NONE', #268 ) ;
#1233 = COLOUR_RGB ( '',0.7215686274509803800, 0.7215686274509803800, 0.7215686274509803800 ) ;
#1234 = CLOSED_SHELL ( 'NONE', ( #137, #730, #2200, #775, #1782, #1583 ) ) ;
#1235 = DIRECTION ( 'NONE',  ( -1.000000000000000000, 0.0000000000000000000, -0.0000000000000000000 ) ) ;
#1236 = LINE ( 'NONE', #2170, #2355 ) ;
#1237 = CARTESIAN_POINT ( 'NONE',  ( 1.153000000000000000, -1.510999999999999900, 0.05099999999999999700 ) ) ;
#1238 = ADVANCED_FACE ( 'NONE', ( #1543 ), #1568, .T. ) ;
#1239 = ORIENTED_EDGE ( 'NONE', *, *, #972, .F. ) ;
#1240 = CARTESIAN_POINT ( 'NONE',  ( -0.6530000000000000200, -1.510999999999999900, 0.0000000000000000000 ) ) ;
#1241 = DIRECTION ( 'NONE',  ( 0.0000000000000000000, 1.000000000000000000, -0.0000000000000000000 ) ) ;
#1242 = VERTEX_POINT ( 'NONE', #1324 ) ;
#1243 = AXIS2_PLACEMENT_3D ( 'NONE', #1630, #1854, #2260 ) ;
#1244 = CARTESIAN_POINT ( 'NONE',  ( 0.3479999999999999800, -2.019000000000000100, 0.0000000000000000000 ) ) ;
#1245 = CARTESIAN_POINT ( 'NONE',  ( -0.8479999999999999800, 2.019000000000000100, 0.0000000000000000000 ) ) ;
#1246 = VECTOR ( 'NONE', #797, 1000.000000000000000 ) ;
#1247 = CARTESIAN_POINT ( 'NONE',  ( 1.153000000000000000, -2.019000000000000100, 0.05099999999999999700 ) ) ;
#1248 = LINE ( 'NONE', #19, #2426 ) ;
#1249 = DIRECTION ( 'NONE',  ( 1.000000000000000000, 0.0000000000000000000, -0.0000000000000000000 ) ) ;
#1250 = CARTESIAN_POINT ( 'NONE',  ( -1.510999999999999900, 0.1520000000000000000, 0.05099999999999999700 ) ) ;
#1251 = EDGE_LOOP ( 'NONE', ( #317, #772, #111, #1104 ) ) ;
#1252 = DIRECTION ( 'NONE',  ( -0.0000000000000000000, -1.000000000000000000, -0.0000000000000000000 ) ) ;
#1253 = CARTESIAN_POINT ( 'NONE',  ( -2.019000000000000100, -0.3479999999999999800, 0.0000000000000000000 ) ) ;
#1254 = ADVANCED_FACE ( 'NONE', ( #2607 ), #1562, .T. ) ;
#1255 = ORIENTED_EDGE ( 'NONE', *, *, #1268, .T. ) ;
#1256 = CARTESIAN_POINT ( 'NONE',  ( 2.019000000000000100, 0.8479999999999999800, 0.0000000000000000000 ) ) ;
#1257 = ORIENTED_EDGE ( 'NONE', *, *, #2503, .F. ) ;
#1258 = ORIENTED_EDGE ( 'NONE', *, *, #12, .F. ) ;
#1259 = DIRECTION ( 'NONE',  ( 0.0000000000000000000, -0.0000000000000000000, 1.000000000000000000 ) ) ;
#1260 = PLANE ( 'NONE',  #2218 ) ;
#1261 = PLANE ( 'NONE',  #1576 ) ;
#1262 = ORIENTED_EDGE ( 'NONE', *, *, #500, .T. ) ;
#1263 = DIRECTION ( 'NONE',  ( -1.000000000000000000, -0.0000000000000000000, -0.0000000000000000000 ) ) ;
#1264 = ADVANCED_FACE ( 'NONE', ( #1465 ), #2389, .T. ) ;
#1265 = CARTESIAN_POINT ( 'NONE',  ( -2.019000000000000100, -0.6530000000000000200, 0.05099999999999999700 ) ) ;
#1266 = CARTESIAN_POINT ( 'NONE',  ( 2.019000000000000100, -0.8479999999999999800, 0.0000000000000000000 ) ) ;
#1267 = ORIENTED_EDGE ( 'NONE', *, *, #1205, .T. ) ;
#1268 = EDGE_CURVE ( 'NONE', #625, #1845, #2025, .T. ) ;
#1269 = SURFACE_STYLE_USAGE ( .BOTH. , #2534 ) ;
#1270 = LINE ( 'NONE', #1048, #2122 ) ;
#1271 = FACE_OUTER_BOUND ( 'NONE', #543, .T. ) ;
#1272 = DIRECTION ( 'NONE',  ( -0.0000000000000000000, -1.000000000000000000, -0.0000000000000000000 ) ) ;
#1273 = ORIENTED_EDGE ( 'NONE', *, *, #2395, .F. ) ;
#1274 = EDGE_CURVE ( 'NONE', #1033, #625, #390, .T. ) ;
#1275 = VECTOR ( 'NONE', #1828, 1000.000000000000000 ) ;
#1276 = FILL_AREA_STYLE_COLOUR ( '', #1233 ) ;
#1277 = FILL_AREA_STYLE_COLOUR ( '', #1328 ) ;
#1278 = LINE ( 'NONE', #352, #2326 ) ;
#1279 = SURFACE_SIDE_STYLE ('',( #901 ) ) ;
#1280 = DIRECTION ( 'NONE',  ( 0.0000000000000000000, 0.0000000000000000000, -1.000000000000000000 ) ) ;
#1281 = DIRECTION ( 'NONE',  ( 1.000000000000000000, 0.0000000000000000000, -0.0000000000000000000 ) ) ;
#1282 = CARTESIAN_POINT ( 'NONE',  ( -1.510999999999999900, 0.8479999999999999800, 0.05099999999999999700 ) ) ;
#1283 = LINE ( 'NONE', #1790, #1769 ) ;
#1284 = CARTESIAN_POINT ( 'NONE',  ( -0.1520000000000000000, -2.019000000000000100, 0.0000000000000000000 ) ) ;
#1285 =( LENGTH_UNIT ( ) NAMED_UNIT ( * ) SI_UNIT ( .MILLI., .METRE. ) );
#1286 = ORIENTED_EDGE ( 'NONE', *, *, #827, .F. ) ;
#1287 = ORIENTED_EDGE ( 'NONE', *, *, #1207, .T. ) ;
#1288 = EDGE_CURVE ( 'NONE', #44, #899, #310, .T. ) ;
#1289 = EDGE_LOOP ( 'NONE', ( #2479, #1640, #659, #673 ) ) ;
#1290 = CARTESIAN_POINT ( 'NONE',  ( 1.510999999999999900, 0.8479999999999999800, 0.0000000000000000000 ) ) ;
#1291 = CARTESIAN_POINT ( 'NONE',  ( 2.019000000000000100, 0.6530000000000000200, 0.0000000000000000000 ) ) ;
#1292 = ORIENTED_EDGE ( 'NONE', *, *, #656, .F. ) ;
#1293 = DIRECTION ( 'NONE',  ( -0.0000000000000000000, -1.000000000000000000, -0.0000000000000000000 ) ) ;
#1294 = CARTESIAN_POINT ( 'NONE',  ( 1.510999999999999900, 1.153000000000000000, 0.0000000000000000000 ) ) ;
#1295 = ORIENTED_EDGE ( 'NONE', *, *, #1366, .F. ) ;
#1296 = CARTESIAN_POINT ( 'NONE',  ( 0.8479999999999999800, -1.510999999999999900, 0.0000000000000000000 ) ) ;
#1297 = CARTESIAN_POINT ( 'NONE',  ( 2.019000000000000100, 0.8479999999999999800, 0.0000000000000000000 ) ) ;
#1298 = ORIENTED_EDGE ( 'NONE', *, *, #640, .T. ) ;
#1299 = DIRECTION ( 'NONE',  ( -0.0000000000000000000, -1.000000000000000000, -0.0000000000000000000 ) ) ;
#1300 = LINE ( 'NONE', #2280, #1785 ) ;
#1301 = CARTESIAN_POINT ( 'NONE',  ( 1.510999999999999900, -0.6530000000000000200, 0.05099999999999999700 ) ) ;
#1302 = ORIENTED_EDGE ( 'NONE', *, *, #2239, .F. ) ;
#1303 = ORIENTED_EDGE ( 'NONE', *, *, #2132, .F. ) ;
#1304 = CIRCLE ( 'NONE', #2761, 0.1009649999999999600 ) ;
#1305 = ORIENTED_EDGE ( 'NONE', *, *, #2075, .T. ) ;
#1306 = DIRECTION ( 'NONE',  ( 0.0000000000000000000, -0.0000000000000000000, -1.000000000000000000 ) ) ;
#1307 = PLANE ( 'NONE',  #2648 ) ;
#1308 = PRESENTATION_STYLE_ASSIGNMENT (( #1374 ) ) ;
#1309 = EDGE_CURVE ( 'NONE', #1455, #2374, #1966, .T. ) ;
#1310 = ORIENTED_EDGE ( 'NONE', *, *, #2110, .F. ) ;
#1311 = DIRECTION ( 'NONE',  ( 1.000000000000000000, 0.0000000000000000000, -0.0000000000000000000 ) ) ;
#1312 = FACE_OUTER_BOUND ( 'NONE', #1289, .T. ) ;
#1313 = SURFACE_STYLE_USAGE ( .BOTH. , #2591 ) ;
#1314 = LINE ( 'NONE', #661, #231 ) ;
#1315 = VERTEX_POINT ( 'NONE', #1963 ) ;
#1316 = SURFACE_STYLE_USAGE ( .BOTH. , #2594 ) ;
#1317 = DIRECTION ( 'NONE',  ( 1.000000000000000000, 0.0000000000000000000, -0.0000000000000000000 ) ) ;
#1318 = VERTEX_POINT ( 'NONE', #245 ) ;
#1319 = DIRECTION ( 'NONE',  ( -1.000000000000000000, 0.0000000000000000000, -0.0000000000000000000 ) ) ;
#1320 = ORIENTED_EDGE ( 'NONE', *, *, #589, .F. ) ;
#1321 = ORIENTED_EDGE ( 'NONE', *, *, #707, .T. ) ;
#1322 = EDGE_CURVE ( 'NONE', #1206, #1632, #821, .T. ) ;
#1323 = CARTESIAN_POINT ( 'NONE',  ( 1.510999999999999900, -1.153000000000000000, 0.0000000000000000000 ) ) ;
#1324 = CARTESIAN_POINT ( 'NONE',  ( 0.3479999999999999800, -1.510999999999999900, 0.05099999999999999700 ) ) ;
#1325 = STYLED_ITEM ( 'NONE', ( #23 ), #2535 ) ;
#1326 = EDGE_LOOP ( 'NONE', ( #1379, #1885, #3, #2367 ) ) ;
#1327 = DIRECTION ( 'NONE',  ( 1.000000000000000000, 0.0000000000000000000, -0.0000000000000000000 ) ) ;
#1328 = COLOUR_RGB ( '',0.7215686274509803800, 0.7215686274509803800, 0.7215686274509803800 ) ;
#1329 = CARTESIAN_POINT ( 'NONE',  ( -1.510999999999999900, 0.8479999999999999800, 0.0000000000000000000 ) ) ;
#1330 = ORIENTED_EDGE ( 'NONE', *, *, #403, .T. ) ;
#1331 = LINE ( 'NONE', #1253, #177 ) ;
#1332 = VECTOR ( 'NONE', #1702, 1000.000000000000000 ) ;
#1333 = DIRECTION ( 'NONE',  ( -1.000000000000000000, 0.0000000000000000000, 0.0000000000000000000 ) ) ;
#1334 = EDGE_LOOP ( 'NONE', ( #2227, #116, #2510, #2310 ) ) ;
#1335 = VECTOR ( 'NONE', #2708, 1000.000000000000000 ) ;
#1336 = DIRECTION ( 'NONE',  ( -1.000000000000000000, 0.0000000000000000000, 0.0000000000000000000 ) ) ;
#1337 = FILL_AREA_STYLE ('',( #1132 ) ) ;
#1338 = CARTESIAN_POINT ( 'NONE',  ( 1.510999999999999900, -1.153000000000000000, 0.05099999999999999700 ) ) ;
#1339 = PRESENTATION_STYLE_ASSIGNMENT (( #1560 ) ) ;
#1340 = APPLICATION_PROTOCOL_DEFINITION ( 'draft international standard', 'automotive_design', 1998, #1563 ) ;
#1341 = AXIS2_PLACEMENT_3D ( 'NONE', #1687, #624, #1889 ) ;
#1342 = VECTOR ( 'NONE', #2674, 1000.000000000000000 ) ;
#1343 = ORIENTED_EDGE ( 'NONE', *, *, #2714, .T. ) ;
#1344 = DIRECTION ( 'NONE',  ( 1.000000000000000000, 0.0000000000000000000, -0.0000000000000000000 ) ) ;
#1345 = ORIENTED_EDGE ( 'NONE', *, *, #1508, .F. ) ;
#1346 = ORIENTED_EDGE ( 'NONE', *, *, #707, .F. ) ;
#1347 = VERTEX_POINT ( 'NONE', #481 ) ;
#1348 = EDGE_LOOP ( 'NONE', ( #152, #1407, #1622, #1807 ) ) ;
#1349 = ADVANCED_FACE ( 'NONE', ( #1888 ), #2379, .T. ) ;
#1350 = EDGE_CURVE ( 'NONE', #1037, #1787, #178, .T. ) ;
#1351 = EDGE_CURVE ( 'NONE', #1347, #348, #2447, .T. ) ;
#1352 = CARTESIAN_POINT ( 'NONE',  ( -1.514035000000000200, 1.500000000000000000, 0.8920000000000000200 ) ) ;
#1353 = DIRECTION ( 'NONE',  ( -1.000000000000000000, 0.0000000000000000000, 0.0000000000000000000 ) ) ;
#1354 = PRODUCT_RELATED_PRODUCT_CATEGORY ( 'part', '', ( #1783 ) ) ;
#1355 = VECTOR ( 'NONE', #690, 1000.000000000000000 ) ;
#1356 = VECTOR ( 'NONE', #329, 1000.000000000000000 ) ;
#1357 = ORIENTED_EDGE ( 'NONE', *, *, #1556, .T. ) ;
#1358 = ORIENTED_EDGE ( 'NONE', *, *, #2459, .T. ) ;
#1359 = VERTEX_POINT ( 'NONE', #30 ) ;
#1360 = DIRECTION ( 'NONE',  ( 0.0000000000000000000, 0.0000000000000000000, -1.000000000000000000 ) ) ;
#1361 = CARTESIAN_POINT ( 'NONE',  ( -0.3479999999999999800, -1.510999999999999900, 0.05099999999999999700 ) ) ;
#1362 = VECTOR ( 'NONE', #463, 1000.000000000000000 ) ;
#1363 = FACE_OUTER_BOUND ( 'NONE', #2678, .T. ) ;
#1364 = ADVANCED_FACE ( 'NONE', ( #1271 ), #868, .T. ) ;
#1365 = ORIENTED_EDGE ( 'NONE', *, *, #2243, .T. ) ;
#1366 = EDGE_CURVE ( 'NONE', #899, #917, #697, .T. ) ;
#1367 = DIRECTION ( 'NONE',  ( -0.0000000000000000000, -1.000000000000000000, -0.0000000000000000000 ) ) ;
#1368 = VECTOR ( 'NONE', #837, 1000.000000000000000 ) ;
#1369 = ORIENTED_EDGE ( 'NONE', *, *, #122, .F. ) ;
#1370 = FACE_OUTER_BOUND ( 'NONE', #2777, .T. ) ;
#1371 = EDGE_CURVE ( 'NONE', #2181, #519, #2387, .T. ) ;
#1372 = VECTOR ( 'NONE', #1087, 1000.000000000000000 ) ;
#1373 = CARTESIAN_POINT ( 'NONE',  ( -0.3479999999999999800, -1.510999999999999900, 0.05099999999999999700 ) ) ;
#1374 = SURFACE_STYLE_USAGE ( .BOTH. , #1592 ) ;
#1375 = VERTEX_POINT ( 'NONE', #1946 ) ;
#1376 = ADVANCED_FACE ( 'NONE', ( #115 ), #1307, .T. ) ;
#1377 = DIRECTION ( 'NONE',  ( -0.0000000000000000000, 0.0000000000000000000, -1.000000000000000000 ) ) ;
#1378 = EDGE_LOOP ( 'NONE', ( #1085, #2654, #568, #1227 ) ) ;
#1379 = ORIENTED_EDGE ( 'NONE', *, *, #2239, .T. ) ;
#1380 = CARTESIAN_POINT ( 'NONE',  ( -2.019000000000000100, -0.1520000000000000000, 0.05099999999999999700 ) ) ;
#1381 = APPLICATION_CONTEXT ( 'automotive_design' ) ;
#1382 = AXIS2_PLACEMENT_3D ( 'NONE', #288, #1996, #2006 ) ;
#1383 = FILL_AREA_STYLE_COLOUR ( '', #1998 ) ;
#1384 = ORIENTED_EDGE ( 'NONE', *, *, #2707, .F. ) ;
#1385 = DIRECTION ( 'NONE',  ( 1.000000000000000000, 0.0000000000000000000, -0.0000000000000000000 ) ) ;
#1386 = VECTOR ( 'NONE', #2103, 1000.000000000000000 ) ;
#1387 = CARTESIAN_POINT ( 'NONE',  ( 0.3479999999999999800, -1.510999999999999900, 0.0000000000000000000 ) ) ;
#1388 = VECTOR ( 'NONE', #370, 1000.000000000000000 ) ;
#1389 = VECTOR ( 'NONE', #256, 1000.000000000000000 ) ;
#1390 = ORIENTED_EDGE ( 'NONE', *, *, #685, .F. ) ;
#1391 = VECTOR ( 'NONE', #2, 1000.000000000000000 ) ;
#1392 = LINE ( 'NONE', #580, #1816 ) ;
#1393 = ORIENTED_EDGE ( 'NONE', *, *, #1638, .F. ) ;
#1394 = DIRECTION ( 'NONE',  ( 1.000000000000000000, 0.0000000000000000000, -0.0000000000000000000 ) ) ;
#1395 = CARTESIAN_POINT ( 'NONE',  ( 0.3479999999999999800, -2.019000000000000100, 0.0000000000000000000 ) ) ;
#1396 = VECTOR ( 'NONE', #1553, 1000.000000000000000 ) ;
#1397 = EDGE_CURVE ( 'NONE', #1890, #450, #631, .T. ) ;
#1398 = EDGE_CURVE ( 'NONE', #449, #2466, #2315, .T. ) ;
#1399 = LINE ( 'NONE', #798, #262 ) ;
#1400 = AXIS2_PLACEMENT_3D ( 'NONE', #888, #2598, #1319 ) ;
#1401 = ORIENTED_EDGE ( 'NONE', *, *, #641, .F. ) ;
#1402 = ORIENTED_EDGE ( 'NONE', *, *, #448, .F. ) ;
#1403 =( NAMED_UNIT ( * ) PLANE_ANGLE_UNIT ( ) SI_UNIT ( $, .RADIAN. ) );
#1404 = DIRECTION ( 'NONE',  ( -0.0000000000000000000, 0.0000000000000000000, -1.000000000000000000 ) ) ;
#1405 = CARTESIAN_POINT ( 'NONE',  ( 1.153000000000000000, 1.510999999999999900, 0.0000000000000000000 ) ) ;
#1406 = AXIS2_PLACEMENT_3D ( 'NONE', #2684, #563, #2043 ) ;
#1407 = ORIENTED_EDGE ( 'NONE', *, *, #2058, .T. ) ;
#1408 = VERTEX_POINT ( 'NONE', #218 ) ;
#1409 = CARTESIAN_POINT ( 'NONE',  ( -1.510999999999999900, 1.153000000000000000, 0.05099999999999999700 ) ) ;
#1410 = CARTESIAN_POINT ( 'NONE',  ( 2.019000000000000100, 0.3479999999999999800, 0.0000000000000000000 ) ) ;
#1411 = PLANE ( 'NONE',  #2226 ) ;
#1412 = DIRECTION ( 'NONE',  ( 0.0000000000000000000, -0.0000000000000000000, 1.000000000000000000 ) ) ;
#1413 = EDGE_CURVE ( 'NONE', #2499, #695, #561, .T. ) ;
#1414 = UNCERTAINTY_MEASURE_WITH_UNIT (LENGTH_MEASURE( 1.000000000000000100E-005 ), #2766, 'distance_accuracy_value', 'NONE');
#1415 = FACE_OUTER_BOUND ( 'NONE', #2104, .T. ) ;
#1416 = LINE ( 'NONE', #1182, #1840 ) ;
#1417 = ORIENTED_EDGE ( 'NONE', *, *, #685, .T. ) ;
#1418 = PLANE ( 'NONE',  #1838 ) ;
#1419 = ADVANCED_FACE ( 'NONE', ( #2241 ), #1920, .T. ) ;
#1420 = DIRECTION ( 'NONE',  ( -1.000000000000000000, 0.0000000000000000000, -0.0000000000000000000 ) ) ;
#1421 = CARTESIAN_POINT ( 'NONE',  ( -2.019000000000000100, 0.6530000000000000200, 0.0000000000000000000 ) ) ;
#1422 = COLOUR_RGB ( '',0.7215686274509803800, 0.7215686274509803800, 0.7215686274509803800 ) ;
#1423 = LINE ( 'NONE', #1682, #670 ) ;
#1424 = DIRECTION ( 'NONE',  ( 0.0000000000000000000, 0.0000000000000000000, 1.000000000000000000 ) ) ;
#1425 = EDGE_LOOP ( 'NONE', ( #2460, #2111, #2209, #2368 ) ) ;
#1426 = ADVANCED_FACE ( 'NONE', ( #2182 ), #2345, .T. ) ;
#1427 = DIRECTION ( 'NONE',  ( 0.0000000000000000000, -0.0000000000000000000, 1.000000000000000000 ) ) ;
#1428 = CARTESIAN_POINT ( 'NONE',  ( -1.510999999999999900, 0.1520000000000000000, 0.0000000000000000000 ) ) ;
#1429 = CARTESIAN_POINT ( 'NONE',  ( 2.019000000000000100, 0.3479999999999999800, 0.05099999999999999700 ) ) ;
#1430 = VECTOR ( 'NONE', #1804, 1000.000000000000000 ) ;
#1431 = VERTEX_POINT ( 'NONE', #208 ) ;
#1432 = LINE ( 'NONE', #1906, #355 ) ;
#1433 = VERTEX_POINT ( 'NONE', #2124 ) ;
#1434 = CARTESIAN_POINT ( 'NONE',  ( 0.8479999999999999800, 1.510999999999999900, 0.0000000000000000000 ) ) ;
#1435 = VECTOR ( 'NONE', #759, 1000.000000000000000 ) ;
#1436 = DIRECTION ( 'NONE',  ( 0.0000000000000000000, 1.000000000000000000, -0.0000000000000000000 ) ) ;
#1437 = PLANE ( 'NONE',  #2410 ) ;
#1438 = PLANE ( 'NONE',  #949 ) ;
#1439 = VECTOR ( 'NONE', #642, 1000.000000000000000 ) ;
#1440 = CARTESIAN_POINT ( 'NONE',  ( 2.019000000000000100, -0.8479999999999999800, 0.0000000000000000000 ) ) ;
#1441 = DIRECTION ( 'NONE',  ( 1.000000000000000000, 0.0000000000000000000, -0.0000000000000000000 ) ) ;
#1442 = ADVANCED_FACE ( 'NONE', ( #2693 ), #1910, .T. ) ;
#1443 = CLOSED_SHELL ( 'NONE', ( #357, #1665, #607, #2641, #2745, #1254 ) ) ;
#1444 = EDGE_LOOP ( 'NONE', ( #1917, #2506, #1999, #974 ) ) ;
#1445 = EDGE_CURVE ( 'NONE', #1172, #1242, #54, .T. ) ;
#1446 = DIRECTION ( 'NONE',  ( 0.0000000000000000000, 1.000000000000000000, 0.0000000000000000000 ) ) ;
#1447 = DIRECTION ( 'NONE',  ( 0.0000000000000000000, 1.000000000000000000, 0.0000000000000000000 ) ) ;
#1448 = ORIENTED_EDGE ( 'NONE', *, *, #516, .T. ) ;
#1449 = DIRECTION ( 'NONE',  ( 1.000000000000000000, 0.0000000000000000000, -0.0000000000000000000 ) ) ;
#1450 = DIRECTION ( 'NONE',  ( 0.0000000000000000000, -0.0000000000000000000, 1.000000000000000000 ) ) ;
#1451 = ORIENTED_EDGE ( 'NONE', *, *, #1397, .T. ) ;
#1452 = CARTESIAN_POINT ( 'NONE',  ( 1.510999999999999900, -0.8479999999999999800, 0.0000000000000000000 ) ) ;
#1453 = CARTESIAN_POINT ( 'NONE',  ( -2.019000000000000100, 1.153000000000000000, 0.0000000000000000000 ) ) ;
#1454 = ADVANCED_FACE ( 'NONE', ( #1624 ), #423, .T. ) ;
#1455 = VERTEX_POINT ( 'NONE', #1061 ) ;
#1456 = CARTESIAN_POINT ( 'NONE',  ( 2.019000000000000100, 2.019000000000000100, 0.05099999999999999700 ) ) ;
#1457 = PRESENTATION_STYLE_ASSIGNMENT (( #621 ) ) ;
#1458 = EDGE_CURVE ( 'NONE', #1922, #2374, #2123, .T. ) ;
#1459 = LINE ( 'NONE', #176, #2603 ) ;
#1460 = LINE ( 'NONE', #1652, #1540 ) ;
#1461 = AXIS2_PLACEMENT_3D ( 'NONE', #2354, #14, #1306 ) ;
#1462 = EDGE_LOOP ( 'NONE', ( #1768, #1831, #1809, #861 ) ) ;
#1463 = EDGE_LOOP ( 'NONE', ( #106, #2436, #2449, #1902 ) ) ;
#1464 = VECTOR ( 'NONE', #1006, 1000.000000000000000 ) ;
#1465 = FACE_OUTER_BOUND ( 'NONE', #1597, .T. ) ;
#1466 = ORIENTED_EDGE ( 'NONE', *, *, #2548, .T. ) ;
#1467 = DIRECTION ( 'NONE',  ( 1.000000000000000000, 0.0000000000000000000, -0.0000000000000000000 ) ) ;
#1468 = COLOUR_RGB ( '',0.7215686274509803800, 0.7215686274509803800, 0.7215686274509803800 ) ;
#1469 = FACE_OUTER_BOUND ( 'NONE', #2240, .T. ) ;
#1470 = ORIENTED_EDGE ( 'NONE', *, *, #1731, .T. ) ;
#1471 = AXIS2_PLACEMENT_3D ( 'NONE', #649, #1496, #2340 ) ;
#1472 = DIRECTION ( 'NONE',  ( 1.000000000000000000, -0.0000000000000000000, 0.0000000000000000000 ) ) ;
#1473 = ADVANCED_FACE ( 'NONE', ( #1571 ), #413, .T. ) ;
#1474 = CARTESIAN_POINT ( 'NONE',  ( 1.510999999999999900, -0.3479999999999999800, 0.05099999999999999700 ) ) ;
#1475 = DIRECTION ( 'NONE',  ( -0.0000000000000000000, -1.000000000000000000, -0.0000000000000000000 ) ) ;
#1476 = COLOUR_RGB ( '',0.7215686274509803800, 0.7215686274509803800, 0.7215686274509803800 ) ;
#1477 = CARTESIAN_POINT ( 'NONE',  ( -2.019000000000000100, 2.019000000000000100, 0.05099999999999999700 ) ) ;
#1478 = DIRECTION ( 'NONE',  ( 0.0000000000000000000, 1.000000000000000000, -0.0000000000000000000 ) ) ;
#1479 = LINE ( 'NONE', #554, #908 ) ;
#1480 =( NAMED_UNIT ( * ) PLANE_ANGLE_UNIT ( ) SI_UNIT ( $, .RADIAN. ) );
#1481 = CARTESIAN_POINT ( 'NONE',  ( -1.153000000000000000, 2.019000000000000100, 0.0000000000000000000 ) ) ;
#1482 = AXIS2_PLACEMENT_3D ( 'NONE', #794, #876, #744 ) ;
#1483 = CARTESIAN_POINT ( 'NONE',  ( -0.8479999999999999800, 2.019000000000000100, 0.0000000000000000000 ) ) ;
#1484 = CARTESIAN_POINT ( 'NONE',  ( -2.019000000000000100, 1.153000000000000000, 0.0000000000000000000 ) ) ;
#1485 = ORIENTED_EDGE ( 'NONE', *, *, #537, .T. ) ;
#1486 =( LENGTH_UNIT ( ) NAMED_UNIT ( * ) SI_UNIT ( .MILLI., .METRE. ) );
#1487 = CARTESIAN_POINT ( 'NONE',  ( 2.019000000000000100, 1.153000000000000000, 0.0000000000000000000 ) ) ;
#1488 = PRESENTATION_LAYER_ASSIGNMENT (  '', '', ( #1194 ) ) ;
#1489 = CLOSED_SHELL ( 'NONE', ( #1593, #1454, #706, #290, #2294, #1376 ) ) ;
#1490 = DIRECTION ( 'NONE',  ( 0.0000000000000000000, -0.0000000000000000000, 1.000000000000000000 ) ) ;
#1491 = ORIENTED_EDGE ( 'NONE', *, *, #2342, .F. ) ;
#1492 = DIRECTION ( 'NONE',  ( 0.0000000000000000000, -0.0000000000000000000, 1.000000000000000000 ) ) ;
#1493 = FILL_AREA_STYLE_COLOUR ( '', #1422 ) ;
#1494 = DIRECTION ( 'NONE',  ( 0.0000000000000000000, -0.0000000000000000000, 1.000000000000000000 ) ) ;
#1495 =( NAMED_UNIT ( * ) SI_UNIT ( $, .STERADIAN. ) SOLID_ANGLE_UNIT ( ) );
#1496 = DIRECTION ( 'NONE',  ( 0.0000000000000000000, 0.0000000000000000000, -1.000000000000000000 ) ) ;
#1497 = CARTESIAN_POINT ( 'NONE',  ( -1.615000000000000200, 1.500000000000000000, 0.8920000000000000200 ) ) ;
#1498 = FACE_OUTER_BOUND ( 'NONE', #1326, .T. ) ;
#1499 = VECTOR ( 'NONE', #582, 1000.000000000000000 ) ;
#1500 = ORIENTED_EDGE ( 'NONE', *, *, #1288, .F. ) ;
#1501 = AXIS2_PLACEMENT_3D ( 'NONE', #2650, #369, #2206 ) ;
#1502 = EDGE_CURVE ( 'NONE', #58, #1522, #1067, .T. ) ;
#1503 = SURFACE_SIDE_STYLE ('',( #2478 ) ) ;
#1504 = VECTOR ( 'NONE', #2109, 1000.000000000000000 ) ;
#1505 = VECTOR ( 'NONE', #406, 1000.000000000000000 ) ;
#1506 = DIRECTION ( 'NONE',  ( -1.000000000000000000, -0.0000000000000000000, -0.0000000000000000000 ) ) ;
#1507 = ORIENTED_EDGE ( 'NONE', *, *, #2264, .F. ) ;
#1508 = EDGE_CURVE ( 'NONE', #2388, #296, #2633, .T. ) ;
#1509 = LINE ( 'NONE', #966, #2573 ) ;
#1510 = AXIS2_PLACEMENT_3D ( 'NONE', #2180, #52, #2621 ) ;
#1511 = DIRECTION ( 'NONE',  ( -0.0000000000000000000, -1.000000000000000000, -0.0000000000000000000 ) ) ;
#1512 = FACE_OUTER_BOUND ( 'NONE', #2586, .T. ) ;
#1513 = DIRECTION ( 'NONE',  ( -1.000000000000000000, 0.0000000000000000000, -0.0000000000000000000 ) ) ;
#1514 = ORIENTED_EDGE ( 'NONE', *, *, #1502, .T. ) ;
#1515 = VECTOR ( 'NONE', #145, 1000.000000000000000 ) ;
#1516 = VERTEX_POINT ( 'NONE', #1247 ) ;
#1517 = FILL_AREA_STYLE_COLOUR ( '', #1169 ) ;
#1518 = CARTESIAN_POINT ( 'NONE',  ( -0.3479999999999999800, -2.019000000000000100, 0.05099999999999999700 ) ) ;
#1519 = FACE_OUTER_BOUND ( 'NONE', #2531, .T. ) ;
#1520 = ORIENTED_EDGE ( 'NONE', *, *, #2624, .F. ) ;
#1521 = PLANE ( 'NONE',  #1133 ) ;
#1522 = VERTEX_POINT ( 'NONE', #1912 ) ;
#1523 = EDGE_CURVE ( 'NONE', #42, #1232, #1138, .T. ) ;
#1524 = CARTESIAN_POINT ( 'NONE',  ( 1.510999999999999900, 0.1520000000000000000, 0.0000000000000000000 ) ) ;
#1525 = EDGE_CURVE ( 'NONE', #1613, #1073, #347, .T. ) ;
#1526 = CARTESIAN_POINT ( 'NONE',  ( -1.510999999999999900, 0.1520000000000000000, 0.05099999999999999700 ) ) ;
#1527 = MANIFOLD_SOLID_BREP ( 'Imported4', #1443 ) ;
#1528 = VERTEX_POINT ( 'NONE', #1256 ) ;
#1529 = CARTESIAN_POINT ( 'NONE',  ( 1.153000000000000000, -2.019000000000000100, 0.0000000000000000000 ) ) ;
#1530 = EDGE_LOOP ( 'NONE', ( #2772, #2619, #711, #1991 ) ) ;
#1531 =( NAMED_UNIT ( * ) PLANE_ANGLE_UNIT ( ) SI_UNIT ( $, .RADIAN. ) );
#1532 = AXIS2_PLACEMENT_3D ( 'NONE', #1215, #2269, #1100 ) ;
#1533 =( NAMED_UNIT ( * ) PLANE_ANGLE_UNIT ( ) SI_UNIT ( $, .RADIAN. ) );
#1534 = EDGE_LOOP ( 'NONE', ( #1320, #1295, #2622, #1068 ) ) ;
#1535 = CARTESIAN_POINT ( 'NONE',  ( -2.019000000000000100, -2.019000000000000100, 0.05099999999999999700 ) ) ;
#1536 = FACE_OUTER_BOUND ( 'NONE', #189, .T. ) ;
#1537 = VERTEX_POINT ( 'NONE', #2068 ) ;
#1538 = UNCERTAINTY_MEASURE_WITH_UNIT (LENGTH_MEASURE( 1.000000000000000100E-005 ), #1945, 'distance_accuracy_value', 'NONE');
#1539 = LINE ( 'NONE', #1738, #2021 ) ;
#1540 = VECTOR ( 'NONE', #442, 1000.000000000000000 ) ;
#1541 = CARTESIAN_POINT ( 'NONE',  ( -2.019000000000000100, -2.019000000000000100, 0.8890000000000000100 ) ) ;
#1542 = VECTOR ( 'NONE', #2475, 1000.000000000000000 ) ;
#1543 = FACE_OUTER_BOUND ( 'NONE', #2242, .T. ) ;
#1544 = CLOSED_SHELL ( 'NONE', ( #1876, #1649, #1645, #2088, #1000, #1264 ) ) ;
#1545 = CARTESIAN_POINT ( 'NONE',  ( -0.1520000000000000000, -1.510999999999999900, 0.0000000000000000000 ) ) ;
#1546 = CARTESIAN_POINT ( 'NONE',  ( 0.8479999999999999800, 2.019000000000000100, 0.05099999999999999700 ) ) ;
#1547 = LINE ( 'NONE', #1456, #2610 ) ;
#1548 = DIRECTION ( 'NONE',  ( 0.0000000000000000000, 1.000000000000000000, 0.0000000000000000000 ) ) ;
#1549 = LINE ( 'NONE', #1409, #701 ) ;
#1550 = DIRECTION ( 'NONE',  ( -0.0000000000000000000, -0.0000000000000000000, -1.000000000000000000 ) ) ;
#1551 = FACE_OUTER_BOUND ( 'NONE', #1463, .T. ) ;
#1552 = ORIENTED_EDGE ( 'NONE', *, *, #453, .T. ) ;
#1553 = DIRECTION ( 'NONE',  ( -1.000000000000000000, 0.0000000000000000000, -0.0000000000000000000 ) ) ;
#1554 = DIRECTION ( 'NONE',  ( -0.0000000000000000000, -1.000000000000000000, -0.0000000000000000000 ) ) ;
#1555 = CARTESIAN_POINT ( 'NONE',  ( 0.8479999999999999800, 2.019000000000000100, 0.0000000000000000000 ) ) ;
#1556 = EDGE_CURVE ( 'NONE', #484, #418, #1423, .T. ) ;
#1557 = ORIENTED_EDGE ( 'NONE', *, *, #2543, .T. ) ;
#1558 = MANIFOLD_SOLID_BREP ( 'Imported14', #1489 ) ;
#1559 = EDGE_CURVE ( 'NONE', #1318, #2388, #1023, .T. ) ;
#1560 = SURFACE_STYLE_USAGE ( .BOTH. , #50 ) ;
#1561 = ORIENTED_EDGE ( 'NONE', *, *, #2075, .F. ) ;
#1562 = PLANE ( 'NONE',  #1510 ) ;
#1563 = APPLICATION_CONTEXT ( 'automotive_design' ) ;
#1564 = ORIENTED_EDGE ( 'NONE', *, *, #609, .F. ) ;
#1565 = CARTESIAN_POINT ( 'NONE',  ( -2.019000000000000100, 1.153000000000000000, 0.0000000000000000000 ) ) ;
#1566 = LINE ( 'NONE', #1716, #2116 ) ;
#1567 = LINE ( 'NONE', #2087, #2631 ) ;
#1568 = PLANE ( 'NONE',  #1209 ) ;
#1569 = ADVANCED_FACE ( 'NONE', ( #1596 ), #428, .T. ) ;
#1570 = LINE ( 'NONE', #630, #2569 ) ;
#1571 = FACE_OUTER_BOUND ( 'NONE', #1867, .T. ) ;
#1572 = ORIENTED_EDGE ( 'NONE', *, *, #2431, .F. ) ;
#1573 = SURFACE_STYLE_FILL_AREA ( #1101 ) ;
#1574 = LINE ( 'NONE', #765, #990 ) ;
#1575 = EDGE_CURVE ( 'NONE', #1845, #2626, #2083, .T. ) ;
#1576 = AXIS2_PLACEMENT_3D ( 'NONE', #2517, #2091, #614 ) ;
#1577 = VECTOR ( 'NONE', #2556, 1000.000000000000000 ) ;
#1578 = VERTEX_POINT ( 'NONE', #2493 ) ;
#1579 = DIRECTION ( 'NONE',  ( 1.000000000000000000, -0.0000000000000000000, 0.0000000000000000000 ) ) ;
#1580 = PLANE ( 'NONE',  #645 ) ;
#1581 = VECTOR ( 'NONE', #2202, 1000.000000000000000 ) ;
#1582 = AXIS2_PLACEMENT_3D ( 'NONE', #1864, #803, #991 ) ;
#1583 = ADVANCED_FACE ( 'NONE', ( #2156 ), #2565, .T. ) ;
#1584 = VERTEX_POINT ( 'NONE', #1846 ) ;
#1585 = CARTESIAN_POINT ( 'NONE',  ( 0.1520000000000000000, -1.510999999999999900, 0.05099999999999999700 ) ) ;
#1586 = CARTESIAN_POINT ( 'NONE',  ( 0.8479999999999999800, 1.510999999999999900, 0.05099999999999999700 ) ) ;
#1587 = DIRECTION ( 'NONE',  ( -1.000000000000000000, 0.0000000000000000000, -0.0000000000000000000 ) ) ;
#1588 = ORIENTED_EDGE ( 'NONE', *, *, #139, .T. ) ;
#1589 = AXIS2_PLACEMENT_3D ( 'NONE', #682, #892, #2372 ) ;
#1590 = EDGE_CURVE ( 'NONE', #2203, #205, #386, .T. ) ;
#1591 = VERTEX_POINT ( 'NONE', #2271 ) ;
#1592 = SURFACE_SIDE_STYLE ('',( #1855 ) ) ;
#1593 = ADVANCED_FACE ( 'NONE', ( #955 ), #618, .T. ) ;
#1594 = LINE ( 'NONE', #1866, #464 ) ;
#1595 = VERTEX_POINT ( 'NONE', #1301 ) ;
#1596 = FACE_OUTER_BOUND ( 'NONE', #16, .T. ) ;
#1597 = EDGE_LOOP ( 'NONE', ( #68, #1258, #142, #2385 ) ) ;
#1598 = FACE_OUTER_BOUND ( 'NONE', #1185, .T. ) ;
#1599 = LINE ( 'NONE', #1771, #960 ) ;
#1600 = VERTEX_POINT ( 'NONE', #1892 ) ;
#1601 = DIRECTION ( 'NONE',  ( -1.000000000000000000, 0.0000000000000000000, -0.0000000000000000000 ) ) ;
#1602 = DIRECTION ( 'NONE',  ( 0.0000000000000000000, -0.0000000000000000000, 1.000000000000000000 ) ) ;
#1603 = VECTOR ( 'NONE', #1038, 1000.000000000000000 ) ;
#1604 = ORIENTED_EDGE ( 'NONE', *, *, #2210, .F. ) ;
#1605 = VECTOR ( 'NONE', #1022, 1000.000000000000000 ) ;
#1606 = EDGE_CURVE ( 'NONE', #2451, #2715, #1460, .T. ) ;
#1607 = PRESENTATION_LAYER_ASSIGNMENT (  '', '', ( #1325 ) ) ;
#1608 = CARTESIAN_POINT ( 'NONE',  ( 1.153000000000000000, -2.019000000000000100, 0.0000000000000000000 ) ) ;
#1609 = ORIENTED_EDGE ( 'NONE', *, *, #1525, .T. ) ;
#1610 = CARTESIAN_POINT ( 'NONE',  ( 2.019000000000000100, 0.1520000000000000000, 0.05099999999999999700 ) ) ;
#1611 = CARTESIAN_POINT ( 'NONE',  ( 0.8479999999999999800, -1.510999999999999900, 0.05099999999999999700 ) ) ;
#1612 = DIRECTION ( 'NONE',  ( 0.0000000000000000000, 0.0000000000000000000, 1.000000000000000000 ) ) ;
#1613 = VERTEX_POINT ( 'NONE', #187 ) ;
#1614 = VERTEX_POINT ( 'NONE', #1474 ) ;
#1615 = DIRECTION ( 'NONE',  ( -0.0000000000000000000, -0.0000000000000000000, -1.000000000000000000 ) ) ;
#1616 = VERTEX_POINT ( 'NONE', #1860 ) ;
#1617 = SURFACE_STYLE_USAGE ( .BOTH. , #327 ) ;
#1618 = MECHANICAL_DESIGN_GEOMETRIC_PRESENTATION_REPRESENTATION (  '', ( #1194 ), #1767 ) ;
#1619 = VECTOR ( 'NONE', #1511, 1000.000000000000000 ) ;
#1620 = LINE ( 'NONE', #1019, #498 ) ;
#1621 = CARTESIAN_POINT ( 'NONE',  ( 1.510999999999999900, 0.6530000000000000200, 0.05099999999999999700 ) ) ;
#1622 = ORIENTED_EDGE ( 'NONE', *, *, #1008, .F. ) ;
#1623 = LINE ( 'NONE', #2502, #1066 ) ;
#1624 = FACE_OUTER_BOUND ( 'NONE', #1096, .T. ) ;
#1625 = ORIENTED_EDGE ( 'NONE', *, *, #830, .F. ) ;
#1626 = LINE ( 'NONE', #224, #506 ) ;
#1627 = ORIENTED_EDGE ( 'NONE', *, *, #1686, .T. ) ;
#1628 = CARTESIAN_POINT ( 'NONE',  ( -2.019000000000000100, 0.8479999999999999800, 0.0000000000000000000 ) ) ;
#1629 = MANIFOLD_SOLID_BREP ( 'Imported17', #2758 ) ;
#1630 = CARTESIAN_POINT ( 'NONE',  ( 0.8479999999999999800, 2.019000000000000100, 0.0000000000000000000 ) ) ;
#1631 = VECTOR ( 'NONE', #1698, 1000.000000000000000 ) ;
#1632 = VERTEX_POINT ( 'NONE', #2138 ) ;
#1633 = CARTESIAN_POINT ( 'NONE',  ( 0.6530000000000000200, -1.510999999999999900, 0.0000000000000000000 ) ) ;
#1634 = STYLED_ITEM ( 'NONE', ( #2255 ), #130 ) ;
#1635 = LINE ( 'NONE', #71, #2453 ) ;
#1636 = ORIENTED_EDGE ( 'NONE', *, *, #302, .T. ) ;
#1637 = EDGE_CURVE ( 'NONE', #1431, #372, #693, .T. ) ;
#1638 = EDGE_CURVE ( 'NONE', #1591, #1455, #2604, .T. ) ;
#1639 = ADVANCED_FACE ( 'NONE', ( #1189 ), #1657, .T. ) ;
#1640 = ORIENTED_EDGE ( 'NONE', *, *, #1097, .F. ) ;
#1641 = CARTESIAN_POINT ( 'NONE',  ( 2.019000000000000100, 2.019000000000000100, 0.05099999999999999700 ) ) ;
#1642 = DIRECTION ( 'NONE',  ( 1.000000000000000000, 0.0000000000000000000, -0.0000000000000000000 ) ) ;
#1643 = ORIENTED_EDGE ( 'NONE', *, *, #91, .T. ) ;
#1644 = SURFACE_SIDE_STYLE ('',( #896 ) ) ;
#1645 = ADVANCED_FACE ( 'NONE', ( #109 ), #1418, .T. ) ;
#1646 = EDGE_CURVE ( 'NONE', #724, #2476, #51, .T. ) ;
#1647 = CARTESIAN_POINT ( 'NONE',  ( 0.1520000000000000000, -1.510999999999999900, 0.0000000000000000000 ) ) ;
#1648 = ORIENTED_EDGE ( 'NONE', *, *, #2107, .F. ) ;
#1649 = ADVANCED_FACE ( 'NONE', ( #627 ), #132, .T. ) ;
#1650 = CARTESIAN_POINT ( 'NONE',  ( -1.615000000000000200, 1.500000000000000000, 0.8890000000000000100 ) ) ;
#1651 = EDGE_CURVE ( 'NONE', #49, #1206, #1135, .T. ) ;
#1652 = CARTESIAN_POINT ( 'NONE',  ( -0.1520000000000000000, -1.510999999999999900, 0.0000000000000000000 ) ) ;
#1653 = EDGE_LOOP ( 'NONE', ( #513, #80, #391, #1625 ) ) ;
#1654 = PRESENTATION_STYLE_ASSIGNMENT (( #531 ) ) ;
#1655 = VECTOR ( 'NONE', #1447, 1000.000000000000000 ) ;
#1656 = ORIENTED_EDGE ( 'NONE', *, *, #1646, .T. ) ;
#1657 = PLANE ( 'NONE',  #1582 ) ;
#1658 = ORIENTED_EDGE ( 'NONE', *, *, #2614, .T. ) ;
#1659 = CARTESIAN_POINT ( 'NONE',  ( 1.510999999999999900, -1.153000000000000000, 0.05099999999999999700 ) ) ;
#1660 = EDGE_LOOP ( 'NONE', ( #2154, #1742, #2361, #471 ) ) ;
#1661 = AXIS2_PLACEMENT_3D ( 'NONE', #577, #1903, #118 ) ;
#1662 = DIRECTION ( 'NONE',  ( 0.0000000000000000000, 0.0000000000000000000, 1.000000000000000000 ) ) ;
#1663 = VECTOR ( 'NONE', #1204, 1000.000000000000000 ) ;
#1664 = LINE ( 'NONE', #937, #1027 ) ;
#1665 = ADVANCED_FACE ( 'NONE', ( #1690 ), #590, .T. ) ;
#1666 = ORIENTED_EDGE ( 'NONE', *, *, #332, .F. ) ;
#1667 = LINE ( 'NONE', #1338, #2420 ) ;
#1668 = DIRECTION ( 'NONE',  ( 0.0000000000000000000, -0.0000000000000000000, 1.000000000000000000 ) ) ;
#1669 = ORIENTED_EDGE ( 'NONE', *, *, #1832, .T. ) ;
#1670 = VECTOR ( 'NONE', #368, 1000.000000000000000 ) ;
#1671 = DIRECTION ( 'NONE',  ( 0.0000000000000000000, -0.0000000000000000000, 1.000000000000000000 ) ) ;
#1672 = FILL_AREA_STYLE ('',( #2741 ) ) ;
#1673 = AXIS2_PLACEMENT_3D ( 'NONE', #2439, #2683, #2251 ) ;
#1674 = ORIENTED_EDGE ( 'NONE', *, *, #1637, .F. ) ;
#1675 = FILL_AREA_STYLE ('',( #654 ) ) ;
#1676 = ADVANCED_FACE ( 'NONE', ( #2179 ), #2744, .T. ) ;
#1677 = CARTESIAN_POINT ( 'NONE',  ( 2.019000000000000100, -1.153000000000000000, 0.05099999999999999700 ) ) ;
#1678 = CARTESIAN_POINT ( 'NONE',  ( 1.510999999999999900, 0.1520000000000000000, 0.0000000000000000000 ) ) ;
#1679 = EDGE_LOOP ( 'NONE', ( #735, #1017, #186, #225 ) ) ;
#1680 = ORIENTED_EDGE ( 'NONE', *, *, #609, .T. ) ;
#1681 = DIRECTION ( 'NONE',  ( 0.0000000000000000000, -0.0000000000000000000, 1.000000000000000000 ) ) ;
#1682 = CARTESIAN_POINT ( 'NONE',  ( -1.510999999999999900, 0.3479999999999999800, 0.0000000000000000000 ) ) ;
#1683 = DIRECTION ( 'NONE',  ( -1.000000000000000000, -0.0000000000000000000, -0.0000000000000000000 ) ) ;
#1684 = DIRECTION ( 'NONE',  ( 0.0000000000000000000, 1.000000000000000000, 0.0000000000000000000 ) ) ;
#1685 = DIRECTION ( 'NONE',  ( 1.000000000000000000, 0.0000000000000000000, -0.0000000000000000000 ) ) ;
#1686 = EDGE_CURVE ( 'NONE', #102, #2425, #557, .T. ) ;
#1687 = CARTESIAN_POINT ( 'NONE',  ( 1.510999999999999900, 0.6530000000000000200, 0.0000000000000000000 ) ) ;
#1688 = EDGE_CURVE ( 'NONE', #205, #1584, #1620, .T. ) ;
#1689 = VERTEX_POINT ( 'NONE', #1237 ) ;
#1690 = FACE_OUTER_BOUND ( 'NONE', #559, .T. ) ;
#1691 = ORIENTED_EDGE ( 'NONE', *, *, #2575, .F. ) ;
#1692 = STYLED_ITEM ( 'NONE', ( #282 ), #1147 ) ;
#1693 = CARTESIAN_POINT ( 'NONE',  ( -2.019000000000000100, 2.019000000000000100, 0.05099999999999999700 ) ) ;
#1694 = AXIS2_PLACEMENT_3D ( 'NONE', #1112, #1741, #474 ) ;
#1695 = VECTOR ( 'NONE', #1299, 1000.000000000000000 ) ;
#1696 = ORIENTED_EDGE ( 'NONE', *, *, #1711, .T. ) ;
#1697 =( NAMED_UNIT ( * ) SI_UNIT ( $, .STERADIAN. ) SOLID_ANGLE_UNIT ( ) );
#1698 = DIRECTION ( 'NONE',  ( 0.0000000000000000000, -0.0000000000000000000, 1.000000000000000000 ) ) ;
#1699 = FACE_OUTER_BOUND ( 'NONE', #241, .T. ) ;
#1700 = AXIS2_PLACEMENT_3D ( 'NONE', #979, #2697, #1412 ) ;
#1701 = DIRECTION ( 'NONE',  ( 0.0000000000000000000, 0.0000000000000000000, -1.000000000000000000 ) ) ;
#1702 = DIRECTION ( 'NONE',  ( 0.0000000000000000000, -0.0000000000000000000, 1.000000000000000000 ) ) ;
#1703 = LINE ( 'NONE', #2029, #935 ) ;
#1704 = ORIENTED_EDGE ( 'NONE', *, *, #1832, .F. ) ;
#1705 = CARTESIAN_POINT ( 'NONE',  ( 2.019000000000000100, -0.3479999999999999800, 0.0000000000000000000 ) ) ;
#1706 = VECTOR ( 'NONE', #1986, 1000.000000000000000 ) ;
#1707 = DIRECTION ( 'NONE',  ( 0.0000000000000000000, 1.000000000000000000, 0.0000000000000000000 ) ) ;
#1708 = CARTESIAN_POINT ( 'NONE',  ( 1.510999999999999900, -0.6530000000000000200, 0.0000000000000000000 ) ) ;
#1709 = COLOUR_RGB ( '',0.7215686274509803800, 0.7215686274509803800, 0.7215686274509803800 ) ;
#1710 = DIRECTION ( 'NONE',  ( -1.000000000000000000, 0.0000000000000000000, 0.0000000000000000000 ) ) ;
#1711 = EDGE_CURVE ( 'NONE', #800, #179, #1063, .T. ) ;
#1712 = ORIENTED_EDGE ( 'NONE', *, *, #333, .F. ) ;
#1713 = DIRECTION ( 'NONE',  ( 0.0000000000000000000, 1.000000000000000000, 0.0000000000000000000 ) ) ;
#1714 =( LENGTH_UNIT ( ) NAMED_UNIT ( * ) SI_UNIT ( .MILLI., .METRE. ) );
#1715 = DIRECTION ( 'NONE',  ( 1.000000000000000000, 0.0000000000000000000, -0.0000000000000000000 ) ) ;
#1716 = CARTESIAN_POINT ( 'NONE',  ( 2.019000000000000100, 1.153000000000000000, 0.05099999999999999700 ) ) ;
#1717 = ORIENTED_EDGE ( 'NONE', *, *, #2165, .F. ) ;
#1718 = DIRECTION ( 'NONE',  ( 1.000000000000000000, 0.0000000000000000000, -0.0000000000000000000 ) ) ;
#1719 = UNCERTAINTY_MEASURE_WITH_UNIT (LENGTH_MEASURE( 1.000000000000000100E-005 ), #263, 'distance_accuracy_value', 'NONE');
#1720 = ORIENTED_EDGE ( 'NONE', *, *, #1351, .T. ) ;
#1721 = CARTESIAN_POINT ( 'NONE',  ( 2.019000000000000100, -2.019000000000000100, 0.05099999999999999700 ) ) ;
#1722 = CARTESIAN_POINT ( 'NONE',  ( -1.153000000000000000, 1.510999999999999900, 0.05099999999999999700 ) ) ;
#1723 = DIRECTION ( 'NONE',  ( 0.0000000000000000000, 0.0000000000000000000, 1.000000000000000000 ) ) ;
#1724 = PLANE ( 'NONE',  #2039 ) ;
#1725 = CYLINDRICAL_SURFACE ( 'NONE', #1532, 0.1009649999999999600 ) ;
#1726 = ORIENTED_EDGE ( 'NONE', *, *, #692, .F. ) ;
#1727 = DIRECTION ( 'NONE',  ( -1.000000000000000000, 0.0000000000000000000, -0.0000000000000000000 ) ) ;
#1728 = SURFACE_SIDE_STYLE ('',( #278 ) ) ;
#1729 = LINE ( 'NONE', #2537, #247 ) ;
#1730 = CARTESIAN_POINT ( 'NONE',  ( -0.8479999999999999800, 1.510999999999999900, 0.0000000000000000000 ) ) ;
#1731 = EDGE_CURVE ( 'NONE', #2052, #1616, #2689, .T. ) ;
#1732 = ORIENTED_EDGE ( 'NONE', *, *, #1744, .F. ) ;
#1733 = LINE ( 'NONE', #1555, #1110 ) ;
#1734 = FACE_OUTER_BOUND ( 'NONE', #619, .T. ) ;
#1735 = ORIENTED_EDGE ( 'NONE', *, *, #811, .F. ) ;
#1736 = ORIENTED_EDGE ( 'NONE', *, *, #1008, .T. ) ;
#1737 = VECTOR ( 'NONE', #162, 1000.000000000000000 ) ;
#1738 = CARTESIAN_POINT ( 'NONE',  ( -1.153000000000000000, 2.019000000000000100, 0.05099999999999999700 ) ) ;
#1739 = DIRECTION ( 'NONE',  ( 0.0000000000000000000, 1.000000000000000000, -0.0000000000000000000 ) ) ;
#1740 = SURFACE_STYLE_FILL_AREA ( #1105 ) ;
#1741 = DIRECTION ( 'NONE',  ( 0.0000000000000000000, 1.000000000000000000, 0.0000000000000000000 ) ) ;
#1742 = ORIENTED_EDGE ( 'NONE', *, *, #335, .F. ) ;
#1743 = DIRECTION ( 'NONE',  ( 0.0000000000000000000, -0.0000000000000000000, 1.000000000000000000 ) ) ;
#1744 = EDGE_CURVE ( 'NONE', #2550, #1212, #1567, .T. ) ;
#1745 = DIRECTION ( 'NONE',  ( 0.0000000000000000000, 1.000000000000000000, 0.0000000000000000000 ) ) ;
#1746 = CARTESIAN_POINT ( 'NONE',  ( 1.153000000000000000, -1.510999999999999900, 0.0000000000000000000 ) ) ;
#1747 = MECHANICAL_DESIGN_GEOMETRIC_PRESENTATION_REPRESENTATION (  '', ( #1325 ), #1878 ) ;
#1748 = ORIENTED_EDGE ( 'NONE', *, *, #1939, .T. ) ;
#1749 = ORIENTED_EDGE ( 'NONE', *, *, #691, .F. ) ;
#1750 = DIRECTION ( 'NONE',  ( 0.0000000000000000000, 1.000000000000000000, 0.0000000000000000000 ) ) ;
#1751 = DIRECTION ( 'NONE',  ( 0.0000000000000000000, -1.000000000000000000, 0.0000000000000000000 ) ) ;
#1752 = AXIS2_PLACEMENT_3D ( 'NONE', #2572, #1718, #444 ) ;
#1753 = VERTEX_POINT ( 'NONE', #1823 ) ;
#1754 = CARTESIAN_POINT ( 'NONE',  ( -1.153000000000000000, 1.510999999999999900, 0.0000000000000000000 ) ) ;
#1755 = FILL_AREA_STYLE_COLOUR ( '', #718 ) ;
#1756 = VECTOR ( 'NONE', #1011, 1000.000000000000000 ) ;
#1757 = DIRECTION ( 'NONE',  ( -0.0000000000000000000, 0.0000000000000000000, 1.000000000000000000 ) ) ;
#1758 = ORIENTED_EDGE ( 'NONE', *, *, #56, .T. ) ;
#1759 = AXIS2_PLACEMENT_3D ( 'NONE', #1186, #1280, #1420 ) ;
#1760 = VECTOR ( 'NONE', #230, 1000.000000000000000 ) ;
#1761 = ORIENTED_EDGE ( 'NONE', *, *, #1366, .T. ) ;
#1762 =( NAMED_UNIT ( * ) PLANE_ANGLE_UNIT ( ) SI_UNIT ( $, .RADIAN. ) );
#1763 = FACE_OUTER_BOUND ( 'NONE', #2454, .T. ) ;
#1764 = SURFACE_STYLE_FILL_AREA ( #1822 ) ;
#1765 = SURFACE_SIDE_STYLE ('',( #2207 ) ) ;
#1766 = FACE_OUTER_BOUND ( 'NONE', #2488, .T. ) ;
#1767 =( GEOMETRIC_REPRESENTATION_CONTEXT ( 3 ) GLOBAL_UNCERTAINTY_ASSIGNED_CONTEXT ( ( #1414 ) ) GLOBAL_UNIT_ASSIGNED_CONTEXT ( ( #2766, #394, #1032 ) ) REPRESENTATION_CONTEXT ( 'NONE', 'WORKASPACE' ) );
#1768 = ORIENTED_EDGE ( 'NONE', *, *, #971, .T. ) ;
#1769 = VECTOR ( 'NONE', #1367, 1000.000000000000000 ) ;
#1770 = CARTESIAN_POINT ( 'NONE',  ( -1.510999999999999900, 0.1520000000000000000, 0.0000000000000000000 ) ) ;
#1771 = CARTESIAN_POINT ( 'NONE',  ( 1.510999999999999900, 1.153000000000000000, 0.0000000000000000000 ) ) ;
#1772 = EDGE_LOOP ( 'NONE', ( #1043, #1154, #1230, #2568 ) ) ;
#1773 = AXIS2_PLACEMENT_3D ( 'NONE', #1428, #97, #1602 ) ;
#1774 = EDGE_CURVE ( 'NONE', #201, #1890, #425, .T. ) ;
#1775 = EDGE_LOOP ( 'NONE', ( #1820, #1748, #1720, #822 ) ) ;
#1776 = EDGE_CURVE ( 'NONE', #869, #372, #2117, .T. ) ;
#1777 = DIRECTION ( 'NONE',  ( 0.0000000000000000000, 0.0000000000000000000, -1.000000000000000000 ) ) ;
#1778 = CLOSED_SHELL ( 'NONE', ( #1801, #620, #73, #301, #1349, #1569 ) ) ;
#1779 = CARTESIAN_POINT ( 'NONE',  ( 2.019000000000000100, -0.3479999999999999800, 0.05099999999999999700 ) ) ;
#1780 = ORIENTED_EDGE ( 'NONE', *, *, #2656, .T. ) ;
#1781 = AXIS2_PLACEMENT_3D ( 'NONE', #911, #2627, #694 ) ;
#1782 = ADVANCED_FACE ( 'NONE', ( #2045 ), #2222, .T. ) ;
#1783 = PRODUCT ( 'NCP51820', 'NCP51820', '', ( #2663 ) ) ;
#1784 = ORIENTED_EDGE ( 'NONE', *, *, #12, .T. ) ;
#1785 = VECTOR ( 'NONE', #1830, 1000.000000000000000 ) ;
#1786 = DIRECTION ( 'NONE',  ( 0.0000000000000000000, -0.0000000000000000000, -1.000000000000000000 ) ) ;
#1787 = VERTEX_POINT ( 'NONE', #1034 ) ;
#1788 = EDGE_CURVE ( 'NONE', #2499, #1787, #923, .T. ) ;
#1789 = PRESENTATION_STYLE_ASSIGNMENT (( #8 ) ) ;
#1790 = CARTESIAN_POINT ( 'NONE',  ( 1.153000000000000000, 1.510999999999999900, 0.05099999999999999700 ) ) ;
#1791 = VECTOR ( 'NONE', #1757, 1000.000000000000000 ) ;
#1792 = ADVANCED_FACE ( 'NONE', ( #1990 ), #1924, .T. ) ;
#1793 = VERTEX_POINT ( 'NONE', #2248 ) ;
#1794 = EDGE_CURVE ( 'NONE', #2203, #89, #2474, .T. ) ;
#1795 = ORIENTED_EDGE ( 'NONE', *, *, #15, .T. ) ;
#1796 = CARTESIAN_POINT ( 'NONE',  ( 1.510999999999999900, 0.6530000000000000200, 0.0000000000000000000 ) ) ;
#1797 = LINE ( 'NONE', #1440, #731 ) ;
#1798 = VECTOR ( 'NONE', #2142, 1000.000000000000000 ) ;
#1799 = ORIENTED_EDGE ( 'NONE', *, *, #1976, .T. ) ;
#1800 = VERTEX_POINT ( 'NONE', #103 ) ;
#1801 = ADVANCED_FACE ( 'NONE', ( #780 ), #2448, .T. ) ;
#1802 = CARTESIAN_POINT ( 'NONE',  ( -1.510999999999999900, 0.1520000000000000000, 0.0000000000000000000 ) ) ;
#1803 = ORIENTED_EDGE ( 'NONE', *, *, #2753, .T. ) ;
#1804 = DIRECTION ( 'NONE',  ( 0.0000000000000000000, 1.000000000000000000, 0.0000000000000000000 ) ) ;
#1805 = DIRECTION ( 'NONE',  ( 0.0000000000000000000, -0.0000000000000000000, 1.000000000000000000 ) ) ;
#1806 = DIRECTION ( 'NONE',  ( 0.0000000000000000000, 0.0000000000000000000, 1.000000000000000000 ) ) ;
#1807 = ORIENTED_EDGE ( 'NONE', *, *, #61, .T. ) ;
#1808 = PRESENTATION_STYLE_ASSIGNMENT (( #2553 ) ) ;
#1809 = ORIENTED_EDGE ( 'NONE', *, *, #2243, .F. ) ;
#1810 = DIRECTION ( 'NONE',  ( -1.000000000000000000, 0.0000000000000000000, -0.0000000000000000000 ) ) ;
#1811 = SURFACE_STYLE_FILL_AREA ( #1672 ) ;
#1812 = VECTOR ( 'NONE', #39, 1000.000000000000000 ) ;
#1813 = DIRECTION ( 'NONE',  ( -1.000000000000000000, -0.0000000000000000000, -0.0000000000000000000 ) ) ;
#1814 = ORIENTED_EDGE ( 'NONE', *, *, #919, .F. ) ;
#1815 = CARTESIAN_POINT ( 'NONE',  ( 1.510999999999999900, -0.8479999999999999800, 0.05099999999999999700 ) ) ;
#1816 = VECTOR ( 'NONE', #2469, 1000.000000000000000 ) ;
#1817 = EDGE_CURVE ( 'NONE', #37, #418, #275, .T. ) ;
#1818 = VECTOR ( 'NONE', #445, 1000.000000000000000 ) ;
#1819 = EDGE_CURVE ( 'NONE', #1833, #1595, #1416, .T. ) ;
#1820 = ORIENTED_EDGE ( 'NONE', *, *, #514, .T. ) ;
#1821 = PRESENTATION_LAYER_ASSIGNMENT (  '', '', ( #1692 ) ) ;
#1822 = FILL_AREA_STYLE ('',( #1201 ) ) ;
#1823 = CARTESIAN_POINT ( 'NONE',  ( 0.1520000000000000000, -1.510999999999999900, 0.05099999999999999700 ) ) ;
#1824 = LINE ( 'NONE', #2712, #2035 ) ;
#1825 = PLANE ( 'NONE',  #1406 ) ;
#1826 = VERTEX_POINT ( 'NONE', #992 ) ;
#1827 = FILL_AREA_STYLE_COLOUR ( '', #2094 ) ;
#1828 = DIRECTION ( 'NONE',  ( -0.0000000000000000000, -1.000000000000000000, -0.0000000000000000000 ) ) ;
#1829 = ORIENTED_EDGE ( 'NONE', *, *, #640, .F. ) ;
#1830 = DIRECTION ( 'NONE',  ( 1.000000000000000000, -0.0000000000000000000, 0.0000000000000000000 ) ) ;
#1831 = ORIENTED_EDGE ( 'NONE', *, *, #1231, .T. ) ;
#1832 = EDGE_CURVE ( 'NONE', #2181, #1172, #2413, .T. ) ;
#1833 = VERTEX_POINT ( 'NONE', #977 ) ;
#1834 = AXIS2_PLACEMENT_3D ( 'NONE', #814, #806, #2080 ) ;
#1835 = ORIENTED_EDGE ( 'NONE', *, *, #2477, .F. ) ;
#1836 = DIRECTION ( 'NONE',  ( 0.0000000000000000000, -0.0000000000000000000, -1.000000000000000000 ) ) ;
#1837 = PLANE ( 'NONE',  #1243 ) ;
#1838 = AXIS2_PLACEMENT_3D ( 'NONE', #373, #2736, #999 ) ;
#1839 = LINE ( 'NONE', #260, #2412 ) ;
#1840 = VECTOR ( 'NONE', #1813, 1000.000000000000000 ) ;
#1841 = DIRECTION ( 'NONE',  ( 0.0000000000000000000, -0.0000000000000000000, 1.000000000000000000 ) ) ;
#1842 = DIRECTION ( 'NONE',  ( -0.0000000000000000000, 0.0000000000000000000, -1.000000000000000000 ) ) ;
#1843 = ORIENTED_EDGE ( 'NONE', *, *, #74, .T. ) ;
#1844 = ADVANCED_FACE ( 'NONE', ( #141 ), #1438, .T. ) ;
#1845 = VERTEX_POINT ( 'NONE', #766 ) ;
#1846 = CARTESIAN_POINT ( 'NONE',  ( -2.019000000000000100, -0.1520000000000000000, 0.05099999999999999700 ) ) ;
#1847 = ADVANCED_FACE ( 'NONE', ( #1228 ), #1837, .T. ) ;
#1848 = VECTOR ( 'NONE', #890, 1000.000000000000000 ) ;
#1849 = DIRECTION ( 'NONE',  ( 1.000000000000000000, 0.0000000000000000000, 0.0000000000000000000 ) ) ;
#1850 = ORIENTED_EDGE ( 'NONE', *, *, #1009, .F. ) ;
#1851 = DIRECTION ( 'NONE',  ( -0.0000000000000000000, -1.000000000000000000, -0.0000000000000000000 ) ) ;
#1852 = DIRECTION ( 'NONE',  ( -1.000000000000000000, 0.0000000000000000000, -0.0000000000000000000 ) ) ;
#1853 = DIRECTION ( 'NONE',  ( 0.0000000000000000000, -1.000000000000000000, 0.0000000000000000000 ) ) ;
#1854 = DIRECTION ( 'NONE',  ( 0.0000000000000000000, 0.0000000000000000000, -1.000000000000000000 ) ) ;
#1855 = SURFACE_STYLE_FILL_AREA ( #1881 ) ;
#1856 = EDGE_LOOP ( 'NONE', ( #552, #87, #2579, #1520 ) ) ;
#1857 = DIRECTION ( 'NONE',  ( 1.000000000000000000, 0.0000000000000000000, 0.0000000000000000000 ) ) ;
#1858 = AXIS2_PLACEMENT_3D ( 'NONE', #38, #689, #2167 ) ;
#1859 = VECTOR ( 'NONE', #1601, 1000.000000000000000 ) ;
#1860 = CARTESIAN_POINT ( 'NONE',  ( -1.510999999999999900, -0.3479999999999999800, 0.05099999999999999700 ) ) ;
#1861 = EDGE_CURVE ( 'NONE', #210, #1139, #1300, .T. ) ;
#1862 = VECTOR ( 'NONE', #1918, 1000.000000000000000 ) ;
#1863 = ORIENTED_EDGE ( 'NONE', *, *, #516, .F. ) ;
#1864 = CARTESIAN_POINT ( 'NONE',  ( -2.019000000000000100, 0.3479999999999999800, 0.05099999999999999700 ) ) ;
#1865 = ADVANCED_FACE ( 'NONE', ( #2350 ), #1725, .T. ) ;
#1866 = CARTESIAN_POINT ( 'NONE',  ( 1.510999999999999900, -0.3479999999999999800, 0.0000000000000000000 ) ) ;
#1867 = EDGE_LOOP ( 'NONE', ( #264, #597, #1095, #1803 ) ) ;
#1868 = ORIENTED_EDGE ( 'NONE', *, *, #2614, .F. ) ;
#1869 = ORIENTED_EDGE ( 'NONE', *, *, #215, .T. ) ;
#1870 =( NAMED_UNIT ( * ) SI_UNIT ( $, .STERADIAN. ) SOLID_ANGLE_UNIT ( ) );
#1871 = CARTESIAN_POINT ( 'NONE',  ( 2.019000000000000100, -2.019000000000000100, 0.8890000000000000100 ) ) ;
#1872 = ORIENTED_EDGE ( 'NONE', *, *, #2407, .T. ) ;
#1873 = DIRECTION ( 'NONE',  ( -0.0000000000000000000, -1.000000000000000000, -0.0000000000000000000 ) ) ;
#1874 = UNCERTAINTY_MEASURE_WITH_UNIT (LENGTH_MEASURE( 1.000000000000000100E-005 ), #2097, 'distance_accuracy_value', 'NONE');
#1875 = SURFACE_STYLE_USAGE ( .BOTH. , #388 ) ;
#1876 = ADVANCED_FACE ( 'NONE', ( #666 ), #1173, .T. ) ;
#1877 = EDGE_CURVE ( 'NONE', #1214, #1800, #1166, .T. ) ;
#1878 =( GEOMETRIC_REPRESENTATION_CONTEXT ( 3 ) GLOBAL_UNCERTAINTY_ASSIGNED_CONTEXT ( ( #1538 ) ) GLOBAL_UNIT_ASSIGNED_CONTEXT ( ( #1945, #675, #2150 ) ) REPRESENTATION_CONTEXT ( 'NONE', 'WORKASPACE' ) );
#1879 = EDGE_LOOP ( 'NONE', ( #1780, #1795, #2767, #75 ) ) ;
#1880 = SURFACE_SIDE_STYLE ('',( #379 ) ) ;
#1881 = FILL_AREA_STYLE ('',( #397 ) ) ;
#1882 = VECTOR ( 'NONE', #1052, 1000.000000000000000 ) ;
#1883 = ORIENTED_EDGE ( 'NONE', *, *, #286, .T. ) ;
#1884 = STYLED_ITEM ( 'NONE', ( #564 ), #2121 ) ;
#1885 = ORIENTED_EDGE ( 'NONE', *, *, #215, .F. ) ;
#1886 = DIRECTION ( 'NONE',  ( 0.0000000000000000000, 0.0000000000000000000, 1.000000000000000000 ) ) ;
#1887 = LINE ( 'NONE', #377, #750 ) ;
#1888 = FACE_OUTER_BOUND ( 'NONE', #99, .T. ) ;
#1889 = DIRECTION ( 'NONE',  ( -1.000000000000000000, 0.0000000000000000000, -0.0000000000000000000 ) ) ;
#1890 = VERTEX_POINT ( 'NONE', #144 ) ;
#1891 = FACE_OUTER_BOUND ( 'NONE', #909, .T. ) ;
#1892 = CARTESIAN_POINT ( 'NONE',  ( 1.153000000000000000, 1.510999999999999900, 0.05099999999999999700 ) ) ;
#1893 = CARTESIAN_POINT ( 'NONE',  ( 2.019000000000000100, 0.8479999999999999800, 0.05099999999999999700 ) ) ;
#1894 = ORIENTED_EDGE ( 'NONE', *, *, #1590, .F. ) ;
#1895 = DIRECTION ( 'NONE',  ( 0.0000000000000000000, -0.0000000000000000000, 1.000000000000000000 ) ) ;
#1896 = PLANE ( 'NONE',  #709 ) ;
#1897 = SURFACE_STYLE_FILL_AREA ( #1337 ) ;
#1898 = DIRECTION ( 'NONE',  ( 0.0000000000000000000, 0.0000000000000000000, -1.000000000000000000 ) ) ;
#1899 = CARTESIAN_POINT ( 'NONE',  ( -0.1520000000000000000, -1.510999999999999900, 0.05099999999999999700 ) ) ;
#1900 = DIRECTION ( 'NONE',  ( 0.0000000000000000000, 0.0000000000000000000, 1.000000000000000000 ) ) ;
#1901 = LINE ( 'NONE', #1387, #1342 ) ;
#1902 = ORIENTED_EDGE ( 'NONE', *, *, #1092, .T. ) ;
#1903 = DIRECTION ( 'NONE',  ( 0.0000000000000000000, 0.0000000000000000000, -1.000000000000000000 ) ) ;
#1904 = STYLED_ITEM ( 'NONE', ( #1789 ), #1558 ) ;
#1905 = VERTEX_POINT ( 'NONE', #2484 ) ;
#1906 = CARTESIAN_POINT ( 'NONE',  ( -0.6530000000000000200, -2.019000000000000100, 0.0000000000000000000 ) ) ;
#1907 = PLANE ( 'NONE',  #447 ) ;
#1908 = VERTEX_POINT ( 'NONE', #365 ) ;
#1909 = CARTESIAN_POINT ( 'NONE',  ( -1.510999999999999900, -0.3479999999999999800, 0.0000000000000000000 ) ) ;
#1910 = PLANE ( 'NONE',  #758 ) ;
#1911 = ORIENTED_EDGE ( 'NONE', *, *, #2395, .T. ) ;
#1912 = CARTESIAN_POINT ( 'NONE',  ( -0.8479999999999999800, 1.510999999999999900, 0.0000000000000000000 ) ) ;
#1913 = PLANE ( 'NONE',  #1752 ) ;
#1914 = CARTESIAN_POINT ( 'NONE',  ( -2.019000000000000100, 0.6530000000000000200, 0.0000000000000000000 ) ) ;
#1915 = PRESENTATION_LAYER_ASSIGNMENT (  '', '', ( #1634 ) ) ;
#1916 = EDGE_CURVE ( 'NONE', #2680, #462, #594, .T. ) ;
#1917 = ORIENTED_EDGE ( 'NONE', *, *, #2596, .T. ) ;
#1918 = DIRECTION ( 'NONE',  ( 0.0000000000000000000, -0.0000000000000000000, 1.000000000000000000 ) ) ;
#1919 =( NAMED_UNIT ( * ) SI_UNIT ( $, .STERADIAN. ) SOLID_ANGLE_UNIT ( ) );
#1920 = PLANE ( 'NONE',  #181 ) ;
#1921 = EDGE_CURVE ( 'NONE', #1689, #1516, #213, .T. ) ;
#1922 = VERTEX_POINT ( 'NONE', #2276 ) ;
#1923 = LINE ( 'NONE', #40, #862 ) ;
#1924 = CYLINDRICAL_SURFACE ( 'NONE', #525, 0.1009649999999999600 ) ;
#1925 = SURFACE_SIDE_STYLE ('',( #867 ) ) ;
#1926 = DIRECTION ( 'NONE',  ( 0.0000000000000000000, -1.000000000000000000, 0.0000000000000000000 ) ) ;
#1927 = PRESENTATION_STYLE_ASSIGNMENT (( #207 ) ) ;
#1928 = ORIENTED_EDGE ( 'NONE', *, *, #1074, .F. ) ;
#1929 = CARTESIAN_POINT ( 'NONE',  ( -1.510999999999999900, -0.6530000000000000200, 0.0000000000000000000 ) ) ;
#1930 = DIRECTION ( 'NONE',  ( 0.0000000000000000000, 0.0000000000000000000, 1.000000000000000000 ) ) ;
#1931 = LINE ( 'NONE', #885, #1362 ) ;
#1932 = VECTOR ( 'NONE', #308, 1000.000000000000000 ) ;
#1933 = CARTESIAN_POINT ( 'NONE',  ( -1.510999999999999900, -0.1520000000000000000, 0.05099999999999999700 ) ) ;
#1934 = PLANE ( 'NONE',  #1181 ) ;
#1935 = COLOUR_RGB ( '',0.5843137254901961100, 0.5843137254901961100, 0.5843137254901961100 ) ;
#1936 = ORIENTED_EDGE ( 'NONE', *, *, #1651, .F. ) ;
#1937 = DIRECTION ( 'NONE',  ( -0.0000000000000000000, 0.0000000000000000000, 1.000000000000000000 ) ) ;
#1938 = VECTOR ( 'NONE', #96, 1000.000000000000000 ) ;
#1939 = EDGE_CURVE ( 'NONE', #2378, #1347, #20, .T. ) ;
#1940 = CARTESIAN_POINT ( 'NONE',  ( -2.019000000000000100, 0.1520000000000000000, 0.0000000000000000000 ) ) ;
#1941 = LINE ( 'NONE', #865, #1372 ) ;
#1942 = EDGE_CURVE ( 'NONE', #1318, #1753, #526, .T. ) ;
#1943 = ORIENTED_EDGE ( 'NONE', *, *, #155, .T. ) ;
#1944 = CARTESIAN_POINT ( 'NONE',  ( -1.715965000000000000, 1.500000000000000000, 0.8890000000000000100 ) ) ;
#1945 =( LENGTH_UNIT ( ) NAMED_UNIT ( * ) SI_UNIT ( .MILLI., .METRE. ) );
#1946 = CARTESIAN_POINT ( 'NONE',  ( 1.153000000000000000, 2.019000000000000100, 0.0000000000000000000 ) ) ;
#1947 = AXIS2_PLACEMENT_3D ( 'NONE', #2752, #171, #1681 ) ;
#1948 = CARTESIAN_POINT ( 'NONE',  ( 2.019000000000000100, 0.3479999999999999800, 0.0000000000000000000 ) ) ;
#1949 = CARTESIAN_POINT ( 'NONE',  ( -1.510999999999999900, -0.6530000000000000200, 0.05099999999999999700 ) ) ;
#1950 = EDGE_LOOP ( 'NONE', ( #490, #1500, #1561, #17 ) ) ;
#1951 = AXIS2_PLACEMENT_3D ( 'NONE', #159, #1671, #382 ) ;
#1952 = ORIENTED_EDGE ( 'NONE', *, *, #2407, .F. ) ;
#1953 = DIRECTION ( 'NONE',  ( -1.000000000000000000, 0.0000000000000000000, -0.0000000000000000000 ) ) ;
#1954 = DIRECTION ( 'NONE',  ( 0.0000000000000000000, 0.0000000000000000000, 1.000000000000000000 ) ) ;
#1955 = PLANE ( 'NONE',  #2554 ) ;
#1956 = ORIENTED_EDGE ( 'NONE', *, *, #59, .T. ) ;
#1957 = ORIENTED_EDGE ( 'NONE', *, *, #2264, .T. ) ;
#1958 = CARTESIAN_POINT ( 'NONE',  ( 1.153000000000000000, 2.019000000000000100, 0.05099999999999999700 ) ) ;
#1959 = AXIS2_PLACEMENT_3D ( 'NONE', #2673, #2292, #1404 ) ;
#1960 = PLANE ( 'NONE',  #1858 ) ;
#1961 = LINE ( 'NONE', #18, #983 ) ;
#1962 = PRESENTATION_STYLE_ASSIGNMENT (( #2727 ) ) ;
#1963 = CARTESIAN_POINT ( 'NONE',  ( -2.019000000000000100, 0.3479999999999999800, 0.0000000000000000000 ) ) ;
#1964 = VERTEX_POINT ( 'NONE', #1012 ) ;
#1965 = LINE ( 'NONE', #2281, #820 ) ;
#1966 = LINE ( 'NONE', #1329, #252 ) ;
#1967 = VERTEX_POINT ( 'NONE', #2728 ) ;
#1968 = VECTOR ( 'NONE', #2317, 1000.000000000000000 ) ;
#1969 = VECTOR ( 'NONE', #1241, 1000.000000000000000 ) ;
#1970 = PLANE ( 'NONE',  #838 ) ;
#1971 = ORIENTED_EDGE ( 'NONE', *, *, #403, .F. ) ;
#1972 = DIRECTION ( 'NONE',  ( -0.0000000000000000000, -0.0000000000000000000, -1.000000000000000000 ) ) ;
#1973 = CARTESIAN_POINT ( 'NONE',  ( -2.019000000000000100, 1.153000000000000000, 0.05099999999999999700 ) ) ;
#1974 = LINE ( 'NONE', #1754, #261 ) ;
#1975 = VECTOR ( 'NONE', #1615, 1000.000000000000000 ) ;
#1976 = EDGE_CURVE ( 'NONE', #2476, #754, #1594, .T. ) ;
#1977 = ORIENTED_EDGE ( 'NONE', *, *, #1413, .T. ) ;
#1978 = EDGE_CURVE ( 'NONE', #2339, #1689, #1102, .T. ) ;
#1979 = CARTESIAN_POINT ( 'NONE',  ( -2.019000000000000100, 2.019000000000000100, 0.05099999999999999700 ) ) ;
#1980 = MECHANICAL_DESIGN_GEOMETRIC_PRESENTATION_REPRESENTATION (  '', ( #1692 ), #2112 ) ;
#1981 = AXIS2_PLACEMENT_3D ( 'NONE', #686, #242, #2377 ) ;
#1982 = VERTEX_POINT ( 'NONE', #1250 ) ;
#1983 = ORIENTED_EDGE ( 'NONE', *, *, #2259, .F. ) ;
#1984 = ORIENTED_EDGE ( 'NONE', *, *, #2575, .T. ) ;
#1985 = AXIS2_PLACEMENT_3D ( 'NONE', #1633, #2262, #997 ) ;
#1986 = DIRECTION ( 'NONE',  ( 0.0000000000000000000, 1.000000000000000000, -0.0000000000000000000 ) ) ;
#1987 = DIRECTION ( 'NONE',  ( -0.0000000000000000000, -0.0000000000000000000, -1.000000000000000000 ) ) ;
#1988 = EDGE_LOOP ( 'NONE', ( #1448, #2679, #989, #1001 ) ) ;
#1989 = VECTOR ( 'NONE', #2155, 1000.000000000000000 ) ;
#1990 = FACE_OUTER_BOUND ( 'NONE', #1378, .T. ) ;
#1991 = ORIENTED_EDGE ( 'NONE', *, *, #852, .T. ) ;
#1992 = ADVANCED_FACE ( 'NONE', ( #2082 ), #805, .T. ) ;
#1993 = EDGE_CURVE ( 'NONE', #1595, #1614, #952, .T. ) ;
#1994 = FACE_OUTER_BOUND ( 'NONE', #1116, .T. ) ;
#1995 = VERTEX_POINT ( 'NONE', #612 ) ;
#1996 = DIRECTION ( 'NONE',  ( 0.0000000000000000000, 0.0000000000000000000, -1.000000000000000000 ) ) ;
#1997 = DIRECTION ( 'NONE',  ( 1.000000000000000000, -0.0000000000000000000, 0.0000000000000000000 ) ) ;
#1998 = COLOUR_RGB ( '',0.7215686274509803800, 0.7215686274509803800, 0.7215686274509803800 ) ;
#1999 = ORIENTED_EDGE ( 'NONE', *, *, #1130, .F. ) ;
#2000 = LINE ( 'NONE', #239, #31 ) ;
#2001 = ORIENTED_EDGE ( 'NONE', *, *, #1179, .T. ) ;
#2002 = LINE ( 'NONE', #1183, #1435 ) ;
#2003 = ORIENTED_EDGE ( 'NONE', *, *, #1164, .T. ) ;
#2004 = LINE ( 'NONE', #1075, #1439 ) ;
#2005 = VERTEX_POINT ( 'NONE', #1871 ) ;
#2006 = DIRECTION ( 'NONE',  ( -1.000000000000000000, 0.0000000000000000000, -0.0000000000000000000 ) ) ;
#2007 =( NAMED_UNIT ( * ) SI_UNIT ( $, .STERADIAN. ) SOLID_ANGLE_UNIT ( ) );
#2008 = ADVANCED_FACE ( 'NONE', ( #1536 ), #1260, .F. ) ;
#2009 = ORIENTED_EDGE ( 'NONE', *, *, #254, .F. ) ;
#2010 = MANIFOLD_SOLID_BREP ( 'Imported12', #1143 ) ;
#2011 = STYLED_ITEM ( 'NONE', ( #1339 ), #334 ) ;
#2012 = EDGE_CURVE ( 'NONE', #773, #1995, #2609, .T. ) ;
#2013 = CARTESIAN_POINT ( 'NONE',  ( 1.510999999999999900, -1.153000000000000000, 0.0000000000000000000 ) ) ;
#2014 = ORIENTED_EDGE ( 'NONE', *, *, #1921, .F. ) ;
#2015 =( LENGTH_UNIT ( ) NAMED_UNIT ( * ) SI_UNIT ( .MILLI., .METRE. ) );
#2016 = ADVANCED_FACE ( 'NONE', ( #2018 ), #180, .T. ) ;
#2017 = UNCERTAINTY_MEASURE_WITH_UNIT (LENGTH_MEASURE( 1.000000000000000100E-005 ), #1714, 'distance_accuracy_value', 'NONE');
#2018 = FACE_OUTER_BOUND ( 'NONE', #573, .T. ) ;
#2019 =( NAMED_UNIT ( * ) PLANE_ANGLE_UNIT ( ) SI_UNIT ( $, .RADIAN. ) );
#2020 = VERTEX_POINT ( 'NONE', #1265 ) ;
#2021 = VECTOR ( 'NONE', #881, 1000.000000000000000 ) ;
#2022 = VECTOR ( 'NONE', #871, 1000.000000000000000 ) ;
#2023 = CARTESIAN_POINT ( 'NONE',  ( 0.8479999999999999800, 1.510999999999999900, 0.0000000000000000000 ) ) ;
#2024 = VECTOR ( 'NONE', #146, 1000.000000000000000 ) ;
#2025 = LINE ( 'NONE', #1973, #2666 ) ;
#2026 = EDGE_CURVE ( 'NONE', #2285, #695, #313, .T. ) ;
#2027 = VECTOR ( 'NONE', #2759, 1000.000000000000000 ) ;
#2028 = LINE ( 'NONE', #2071, #2450 ) ;
#2029 = CARTESIAN_POINT ( 'NONE',  ( 0.1520000000000000000, -2.019000000000000100, 0.05099999999999999700 ) ) ;
#2030 = AXIS2_PLACEMENT_3D ( 'NONE', #467, #1954, #683 ) ;
#2031 = CARTESIAN_POINT ( 'NONE',  ( -2.019000000000000100, -0.3479999999999999800, 0.0000000000000000000 ) ) ;
#2032 = PRESENTATION_STYLE_ASSIGNMENT (( #781 ) ) ;
#2033 = AXIS2_PLACEMENT_3D ( 'NONE', #1929, #2349, #1093 ) ;
#2034 = VECTOR ( 'NONE', #1745, 1000.000000000000000 ) ;
#2035 = VECTOR ( 'NONE', #530, 1000.000000000000000 ) ;
#2036 = MANIFOLD_SOLID_BREP ( 'Imported2', #2522 ) ;
#2037 = VERTEX_POINT ( 'NONE', #835 ) ;
#2038 = EDGE_LOOP ( 'NONE', ( #1190, #1358, #411, #1514 ) ) ;
#2039 = AXIS2_PLACEMENT_3D ( 'NONE', #1524, #2257, #1930 ) ;
#2040 = CARTESIAN_POINT ( 'NONE',  ( 1.510999999999999900, -0.6530000000000000200, 0.0000000000000000000 ) ) ;
#2041 = CARTESIAN_POINT ( 'NONE',  ( -1.514035000000000200, 1.500000000000000000, 0.8890000000000000100 ) ) ;
#2042 = PRESENTATION_LAYER_ASSIGNMENT (  '', '', ( #1904 ) ) ;
#2043 = DIRECTION ( 'NONE',  ( 0.0000000000000000000, -0.0000000000000000000, 1.000000000000000000 ) ) ;
#2044 = VECTOR ( 'NONE', #2146, 1000.000000000000000 ) ;
#2045 = FACE_OUTER_BOUND ( 'NONE', #2664, .T. ) ;
#2046 = VERTEX_POINT ( 'NONE', #638 ) ;
#2047 = DIRECTION ( 'NONE',  ( 1.000000000000000000, -0.0000000000000000000, 0.0000000000000000000 ) ) ;
#2048 = DIRECTION ( 'NONE',  ( -1.000000000000000000, 0.0000000000000000000, 0.0000000000000000000 ) ) ;
#2049 = ORIENTED_EDGE ( 'NONE', *, *, #2396, .F. ) ;
#2050 = LINE ( 'NONE', #1481, #1504 ) ;
#2051 = COLOUR_RGB ( '',0.7215686274509803800, 0.7215686274509803800, 0.7215686274509803800 ) ;
#2052 = VERTEX_POINT ( 'NONE', #1054 ) ;
#2053 = CARTESIAN_POINT ( 'NONE',  ( -1.510999999999999900, -0.3479999999999999800, 0.05099999999999999700 ) ) ;
#2054 = MECHANICAL_DESIGN_GEOMETRIC_PRESENTATION_REPRESENTATION (  '', ( #1634 ), #2192 ) ;
#2055 = VECTOR ( 'NONE', #2231, 1000.000000000000000 ) ;
#2056 = EDGE_CURVE ( 'NONE', #548, #2037, #2529, .T. ) ;
#2057 = FACE_OUTER_BOUND ( 'NONE', #1348, .T. ) ;
#2058 = EDGE_CURVE ( 'NONE', #1800, #2550, #2319, .T. ) ;
#2059 = ORIENTED_EDGE ( 'NONE', *, *, #725, .T. ) ;
#2060 = AXIS2_PLACEMENT_3D ( 'NONE', #2373, #2161, #684 ) ;
#2061 = LINE ( 'NONE', #2501, #1938 ) ;
#2062 = PLANE ( 'NONE',  #2716 ) ;
#2063 = DIRECTION ( 'NONE',  ( 0.0000000000000000000, 0.0000000000000000000, 1.000000000000000000 ) ) ;
#2064 = VECTOR ( 'NONE', #2544, 1000.000000000000000 ) ;
#2065 = ADVANCED_FACE ( 'NONE', ( #1763 ), #203, .T. ) ;
#2066 = ORIENTED_EDGE ( 'NONE', *, *, #2773, .F. ) ;
#2067 = ORIENTED_EDGE ( 'NONE', *, *, #1030, .F. ) ;
#2068 = CARTESIAN_POINT ( 'NONE',  ( 2.019000000000000100, 0.6530000000000000200, 0.0000000000000000000 ) ) ;
#2069 = CARTESIAN_POINT ( 'NONE',  ( -0.1520000000000000000, -1.510999999999999900, 0.0000000000000000000 ) ) ;
#2070 = DIRECTION ( 'NONE',  ( -1.000000000000000000, -0.0000000000000000000, -0.0000000000000000000 ) ) ;
#2071 = CARTESIAN_POINT ( 'NONE',  ( -1.715965000000000000, 1.500000000000000000, 0.8890000000000000100 ) ) ;
#2072 = DIRECTION ( 'NONE',  ( 1.000000000000000000, 0.0000000000000000000, -0.0000000000000000000 ) ) ;
#2073 = CARTESIAN_POINT ( 'NONE',  ( -2.019000000000000100, 1.153000000000000000, 0.0000000000000000000 ) ) ;
#2074 = ADVANCED_FACE ( 'NONE', ( #634 ), #858, .T. ) ;
#2075 = EDGE_CURVE ( 'NONE', #2649, #44, #1141, .T. ) ;
#2076 = ORIENTED_EDGE ( 'NONE', *, *, #1458, .T. ) ;
#2077 = FILL_AREA_STYLE ('',( #1276 ) ) ;
#2078 = ORIENTED_EDGE ( 'NONE', *, *, #1078, .T. ) ;
#2079 = CARTESIAN_POINT ( 'NONE',  ( 1.153000000000000000, -1.510999999999999900, 0.05099999999999999700 ) ) ;
#2080 = DIRECTION ( 'NONE',  ( 0.0000000000000000000, -0.0000000000000000000, -1.000000000000000000 ) ) ;
#2081 = STYLED_ITEM ( 'NONE', ( #1457 ), #2010 ) ;
#2082 = FACE_OUTER_BOUND ( 'NONE', #244, .T. ) ;
#2083 = LINE ( 'NONE', #1453, #2661 ) ;
#2084 = DIRECTION ( 'NONE',  ( -0.0000000000000000000, -0.0000000000000000000, -1.000000000000000000 ) ) ;
#2085 = FACE_OUTER_BOUND ( 'NONE', #738, .T. ) ;
#2086 = FACE_OUTER_BOUND ( 'NONE', #1879, .T. ) ;
#2087 = CARTESIAN_POINT ( 'NONE',  ( -2.019000000000000100, 0.6530000000000000200, 0.0000000000000000000 ) ) ;
#2088 = ADVANCED_FACE ( 'NONE', ( #57 ), #1913, .T. ) ;
#2089 = ORIENTED_EDGE ( 'NONE', *, *, #1774, .F. ) ;
#2090 = CARTESIAN_POINT ( 'NONE',  ( -1.615000000000000200, 1.500000000000000000, 0.8890000000000000100 ) ) ;
#2091 = DIRECTION ( 'NONE',  ( 0.0000000000000000000, 1.000000000000000000, 0.0000000000000000000 ) ) ;
#2092 = FACE_OUTER_BOUND ( 'NONE', #1425, .T. ) ;
#2093 =( NAMED_UNIT ( * ) PLANE_ANGLE_UNIT ( ) SI_UNIT ( $, .RADIAN. ) );
#2094 = COLOUR_RGB ( '',0.7215686274509803800, 0.7215686274509803800, 0.7215686274509803800 ) ;
#2095 = VERTEX_POINT ( 'NONE', #1294 ) ;
#2096 = VECTOR ( 'NONE', #1953, 1000.000000000000000 ) ;
#2097 =( LENGTH_UNIT ( ) NAMED_UNIT ( * ) SI_UNIT ( .MILLI., .METRE. ) );
#2098 = CARTESIAN_POINT ( 'NONE',  ( 1.510999999999999900, 0.3479999999999999800, 0.05099999999999999700 ) ) ;
#2099 = EDGE_LOOP ( 'NONE', ( #2369, #914, #934, #1952 ) ) ;
#2100 = PLANE ( 'NONE',  #2211 ) ;
#2101 = ADVANCED_FACE ( 'NONE', ( #1699 ), #875, .T. ) ;
#2102 = ORIENTED_EDGE ( 'NONE', *, *, #105, .T. ) ;
#2103 = DIRECTION ( 'NONE',  ( 1.000000000000000000, 0.0000000000000000000, -0.0000000000000000000 ) ) ;
#2104 = EDGE_LOOP ( 'NONE', ( #1680, #1928, #2401, #1835 ) ) ;
#2105 = CARTESIAN_POINT ( 'NONE',  ( 1.510999999999999900, 0.1520000000000000000, 0.0000000000000000000 ) ) ;
#2106 = EDGE_CURVE ( 'NONE', #1905, #2274, #2778, .T. ) ;
#2107 = EDGE_CURVE ( 'NONE', #708, #2046, #1626, .T. ) ;
#2108 = CARTESIAN_POINT ( 'NONE',  ( -2.019000000000000100, 0.8479999999999999800, 0.05099999999999999700 ) ) ;
#2109 = DIRECTION ( 'NONE',  ( 0.0000000000000000000, 1.000000000000000000, 0.0000000000000000000 ) ) ;
#2110 = EDGE_CURVE ( 'NONE', #943, #356, #1072, .T. ) ;
#2111 = ORIENTED_EDGE ( 'NONE', *, *, #1350, .F. ) ;
#2112 =( GEOMETRIC_REPRESENTATION_CONTEXT ( 3 ) GLOBAL_UNCERTAINTY_ASSIGNED_CONTEXT ( ( #931 ) ) GLOBAL_UNIT_ASSIGNED_CONTEXT ( ( #739, #2019, #538 ) ) REPRESENTATION_CONTEXT ( 'NONE', 'WORKASPACE' ) );
#2113 = DIRECTION ( 'NONE',  ( 0.0000000000000000000, 0.0000000000000000000, 1.000000000000000000 ) ) ;
#2114 = CARTESIAN_POINT ( 'NONE',  ( -2.019000000000000100, 0.6530000000000000200, 0.0000000000000000000 ) ) ;
#2115 = FILL_AREA_STYLE ('',( #1827 ) ) ;
#2116 = VECTOR ( 'NONE', #668, 1000.000000000000000 ) ;
#2117 = LINE ( 'NONE', #2041, #344 ) ;
#2118 = ORIENTED_EDGE ( 'NONE', *, *, #2656, .F. ) ;
#2119 = CARTESIAN_POINT ( 'NONE',  ( 2.019000000000000100, 1.153000000000000000, 0.05099999999999999700 ) ) ;
#2120 = PLANE ( 'NONE',  #32 ) ;
#2121 = MANIFOLD_SOLID_BREP ( 'Imported5', #748 ) ;
#2122 = VECTOR ( 'NONE', #1472, 1000.000000000000000 ) ;
#2123 = LINE ( 'NONE', #1282, #988 ) ;
#2124 = CARTESIAN_POINT ( 'NONE',  ( 1.510999999999999900, 0.6530000000000000200, 0.05099999999999999700 ) ) ;
#2125 = ORIENTED_EDGE ( 'NONE', *, *, #193, .F. ) ;
#2126 = VECTOR ( 'NONE', #2147, 1000.000000000000000 ) ;
#2127 = LINE ( 'NONE', #2040, #2390 ) ;
#2128 = DIRECTION ( 'NONE',  ( -0.0000000000000000000, 0.0000000000000000000, -1.000000000000000000 ) ) ;
#2129 = LINE ( 'NONE', #319, #1577 ) ;
#2130 = ORIENTED_EDGE ( 'NONE', *, *, #2151, .F. ) ;
#2131 = VECTOR ( 'NONE', #2411, 1000.000000000000000 ) ;
#2132 = EDGE_CURVE ( 'NONE', #2020, #414, #1931, .T. ) ;
#2133 = CARTESIAN_POINT ( 'NONE',  ( 2.019000000000000100, -1.153000000000000000, 0.0000000000000000000 ) ) ;
#2134 = CARTESIAN_POINT ( 'NONE',  ( -2.019000000000000100, 2.019000000000000100, 0.8890000000000000100 ) ) ;
#2135 = AXIS2_PLACEMENT_3D ( 'NONE', #376, #2511, #1449 ) ;
#2136 = DIRECTION ( 'NONE',  ( -0.0000000000000000000, -0.0000000000000000000, -1.000000000000000000 ) ) ;
#2137 = ORIENTED_EDGE ( 'NONE', *, *, #2542, .T. ) ;
#2138 = CARTESIAN_POINT ( 'NONE',  ( 0.8479999999999999800, 2.019000000000000100, 0.05099999999999999700 ) ) ;
#2139 = CARTESIAN_POINT ( 'NONE',  ( 2.019000000000000100, 0.8479999999999999800, 0.05099999999999999700 ) ) ;
#2140 = ORIENTED_EDGE ( 'NONE', *, *, #2396, .T. ) ;
#2141 = AXIS2_PLACEMENT_3D ( 'NONE', #2069, #2483, #2496 ) ;
#2142 = DIRECTION ( 'NONE',  ( 0.0000000000000000000, -0.0000000000000000000, 1.000000000000000000 ) ) ;
#2143 = DIRECTION ( 'NONE',  ( 1.000000000000000000, 0.0000000000000000000, -0.0000000000000000000 ) ) ;
#2144 = DIRECTION ( 'NONE',  ( 0.0000000000000000000, -0.0000000000000000000, 1.000000000000000000 ) ) ;
#2145 = ORIENTED_EDGE ( 'NONE', *, *, #1861, .T. ) ;
#2146 = DIRECTION ( 'NONE',  ( 0.0000000000000000000, 0.0000000000000000000, 1.000000000000000000 ) ) ;
#2147 = DIRECTION ( 'NONE',  ( 1.000000000000000000, -0.0000000000000000000, 0.0000000000000000000 ) ) ;
#2148 = AXIS2_PLACEMENT_3D ( 'NONE', #1119, #1327, #45 ) ;
#2149 = DIRECTION ( 'NONE',  ( -0.0000000000000000000, 0.0000000000000000000, 1.000000000000000000 ) ) ;
#2150 =( NAMED_UNIT ( * ) SI_UNIT ( $, .STERADIAN. ) SOLID_ANGLE_UNIT ( ) );
#2151 = EDGE_CURVE ( 'NONE', #1616, #2541, #281, .T. ) ;
#2152 = ORIENTED_EDGE ( 'NONE', *, *, #2733, .F. ) ;
#2153 = VECTOR ( 'NONE', #374, 1000.000000000000000 ) ;
#2154 = ORIENTED_EDGE ( 'NONE', *, *, #549, .T. ) ;
#2155 = DIRECTION ( 'NONE',  ( -0.0000000000000000000, 0.0000000000000000000, 1.000000000000000000 ) ) ;
#2156 = FACE_OUTER_BOUND ( 'NONE', #1534, .T. ) ;
#2157 = LINE ( 'NONE', #1621, #25 ) ;
#2158 = LINE ( 'NONE', #1746, #534 ) ;
#2159 = ORIENTED_EDGE ( 'NONE', *, *, #1225, .T. ) ;
#2160 = CARTESIAN_POINT ( 'NONE',  ( -2.019000000000000100, 0.6530000000000000200, 0.0000000000000000000 ) ) ;
#2161 = DIRECTION ( 'NONE',  ( 0.0000000000000000000, 1.000000000000000000, 0.0000000000000000000 ) ) ;
#2162 = VECTOR ( 'NONE', #2765, 1000.000000000000000 ) ;
#2163 = ORIENTED_EDGE ( 'NONE', *, *, #1322, .T. ) ;
#2164 = LINE ( 'NONE', #330, #2220 ) ;
#2165 = EDGE_CURVE ( 'NONE', #2169, #729, #786, .T. ) ;
#2166 = ORIENTED_EDGE ( 'NONE', *, *, #920, .T. ) ;
#2167 = DIRECTION ( 'NONE',  ( -0.0000000000000000000, 0.0000000000000000000, -1.000000000000000000 ) ) ;
#2168 = DIRECTION ( 'NONE',  ( -0.0000000000000000000, 0.0000000000000000000, 1.000000000000000000 ) ) ;
#2169 = VERTEX_POINT ( 'NONE', #2600 ) ;
#2170 = CARTESIAN_POINT ( 'NONE',  ( -2.019000000000000100, -2.019000000000000100, 0.05099999999999999700 ) ) ;
#2171 = PRESENTATION_LAYER_ASSIGNMENT (  '', '', ( #1884 ) ) ;
#2172 = ORIENTED_EDGE ( 'NONE', *, *, #2393, .F. ) ;
#2173 = CARTESIAN_POINT ( 'NONE',  ( 2.019000000000000100, -0.6530000000000000200, 0.0000000000000000000 ) ) ;
#2174 = CARTESIAN_POINT ( 'NONE',  ( -2.019000000000000100, 0.8479999999999999800, 0.0000000000000000000 ) ) ;
#2175 = EDGE_LOOP ( 'NONE', ( #2382, #295, #522, #53 ) ) ;
#2176 = ORIENTED_EDGE ( 'NONE', *, *, #155, .F. ) ;
#2177 = PLANE ( 'NONE',  #809 ) ;
#2178 = VECTOR ( 'NONE', #2581, 1000.000000000000000 ) ;
#2179 = FACE_OUTER_BOUND ( 'NONE', #763, .T. ) ;
#2180 = CARTESIAN_POINT ( 'NONE',  ( -2.019000000000000100, 0.8479999999999999800, 0.05099999999999999700 ) ) ;
#2181 = VERTEX_POINT ( 'NONE', #2370 ) ;
#2182 = FACE_OUTER_BOUND ( 'NONE', #807, .T. ) ;
#2183 = ORIENTED_EDGE ( 'NONE', *, *, #882, .T. ) ;
#2184 = MECHANICAL_DESIGN_GEOMETRIC_PRESENTATION_REPRESENTATION (  '', ( #1904 ), #2330 ) ;
#2185 = VECTOR ( 'NONE', #1083, 1000.000000000000000 ) ;
#2186 = LINE ( 'NONE', #1094, #1631 ) ;
#2187 = EDGE_LOOP ( 'NONE', ( #323, #2205, #315, #2429 ) ) ;
#2188 = PLANE ( 'NONE',  #532 ) ;
#2189 = ADVANCED_FACE ( 'NONE', ( #2481 ), #243, .T. ) ;
#2190 = FACE_OUTER_BOUND ( 'NONE', #2352, .T. ) ;
#2191 = ORIENTED_EDGE ( 'NONE', *, *, #122, .T. ) ;
#2192 =( GEOMETRIC_REPRESENTATION_CONTEXT ( 3 ) GLOBAL_UNCERTAINTY_ASSIGNED_CONTEXT ( ( #220 ) ) GLOBAL_UNIT_ASSIGNED_CONTEXT ( ( #2762, #1480, #184 ) ) REPRESENTATION_CONTEXT ( 'NONE', 'WORKASPACE' ) );
#2193 = EDGE_CURVE ( 'NONE', #1632, #1359, #727, .T. ) ;
#2194 = ORIENTED_EDGE ( 'NONE', *, *, #1916, .T. ) ;
#2195 = EDGE_CURVE ( 'NONE', #372, #1431, #1304, .T. ) ;
#2196 = UNCERTAINTY_MEASURE_WITH_UNIT (LENGTH_MEASURE( 1.000000000000000100E-005 ), #119, 'distance_accuracy_value', 'NONE');
#2197 = CARTESIAN_POINT ( 'NONE',  ( -1.510999999999999900, 0.6530000000000000200, 0.0000000000000000000 ) ) ;
#2198 = ORIENTED_EDGE ( 'NONE', *, *, #198, .T. ) ;
#2199 = ORIENTED_EDGE ( 'NONE', *, *, #2026, .F. ) ;
#2200 = ADVANCED_FACE ( 'NONE', ( #147 ), #1122, .T. ) ;
#2201 = ORIENTED_EDGE ( 'NONE', *, *, #465, .F. ) ;
#2202 = DIRECTION ( 'NONE',  ( 1.000000000000000000, -0.0000000000000000000, 0.0000000000000000000 ) ) ;
#2203 = VERTEX_POINT ( 'NONE', #687 ) ;
#2204 = CARTESIAN_POINT ( 'NONE',  ( 0.3479999999999999800, -2.019000000000000100, 0.05099999999999999700 ) ) ;
#2205 = ORIENTED_EDGE ( 'NONE', *, *, #2259, .T. ) ;
#2206 = DIRECTION ( 'NONE',  ( 0.0000000000000000000, 0.0000000000000000000, 1.000000000000000000 ) ) ;
#2207 = SURFACE_STYLE_FILL_AREA ( #265 ) ;
#2208 = VECTOR ( 'NONE', #2070, 1000.000000000000000 ) ;
#2209 = ORIENTED_EDGE ( 'NONE', *, *, #880, .F. ) ;
#2210 = EDGE_CURVE ( 'NONE', #2285, #1578, #1236, .T. ) ;
#2211 = AXIS2_PLACEMENT_3D ( 'NONE', #400, #829, #2309 ) ;
#2212 = DIRECTION ( 'NONE',  ( 0.0000000000000000000, 1.000000000000000000, 0.0000000000000000000 ) ) ;
#2213 = VECTOR ( 'NONE', #2623, 1000.000000000000000 ) ;
#2214 = FACE_OUTER_BOUND ( 'NONE', #2538, .T. ) ;
#2215 = ADVANCED_FACE ( 'NONE', ( #2283 ), #1970, .T. ) ;
#2216 = ORIENTED_EDGE ( 'NONE', *, *, #956, .T. ) ;
#2217 = LINE ( 'NONE', #1979, #1114 ) ;
#2218 = AXIS2_PLACEMENT_3D ( 'NONE', #2090, #2746, #1467 ) ;
#2219 =( NAMED_UNIT ( * ) SI_UNIT ( $, .STERADIAN. ) SOLID_ANGLE_UNIT ( ) );
#2220 = VECTOR ( 'NONE', #341, 1000.000000000000000 ) ;
#2221 = SURFACE_STYLE_USAGE ( .BOTH. , #957 ) ;
#2222 = PLANE ( 'NONE',  #226 ) ;
#2223 = EDGE_LOOP ( 'NONE', ( #1761, #432, #125, #2652 ) ) ;
#2224 = VERTEX_POINT ( 'NONE', #905 ) ;
#2225 = ORIENTED_EDGE ( 'NONE', *, *, #939, .T. ) ;
#2226 = AXIS2_PLACEMENT_3D ( 'NONE', #1380, #1450, #1385 ) ;
#2227 = ORIENTED_EDGE ( 'NONE', *, *, #692, .T. ) ;
#2228 = DIRECTION ( 'NONE',  ( -0.0000000000000000000, -1.000000000000000000, -0.0000000000000000000 ) ) ;
#2229 = CLOSED_SHELL ( 'NONE', ( #1865, #2008, #1792, #804 ) ) ;
#2230 = ORIENTED_EDGE ( 'NONE', *, *, #1861, .F. ) ;
#2231 = DIRECTION ( 'NONE',  ( 0.0000000000000000000, 0.0000000000000000000, 1.000000000000000000 ) ) ;
#2232 = CARTESIAN_POINT ( 'NONE',  ( 2.019000000000000100, 0.1520000000000000000, 0.0000000000000000000 ) ) ;
#2233 = CARTESIAN_POINT ( 'NONE',  ( -2.019000000000000100, -0.6530000000000000200, 0.05099999999999999700 ) ) ;
#2234 = VECTOR ( 'NONE', #2296, 1000.000000000000000 ) ;
#2235 = CARTESIAN_POINT ( 'NONE',  ( 2.019000000000000100, 0.8479999999999999800, 0.0000000000000000000 ) ) ;
#2236 = EDGE_LOOP ( 'NONE', ( #2078, #1656, #1799, #1159 ) ) ;
#2237 = EDGE_CURVE ( 'NONE', #2272, #1600, #672, .T. ) ;
#2238 = EDGE_LOOP ( 'NONE', ( #1305, #613, #1287, #1984 ) ) ;
#2239 = EDGE_CURVE ( 'NONE', #1787, #2005, #85, .T. ) ;
#2240 = EDGE_LOOP ( 'NONE', ( #2183, #70, #272, #2357 ) ) ;
#2241 = FACE_OUTER_BOUND ( 'NONE', #528, .T. ) ;
#2242 = EDGE_LOOP ( 'NONE', ( #342, #1717, #698, #1343 ) ) ;
#2243 = EDGE_CURVE ( 'NONE', #581, #2095, #1170, .T. ) ;
#2244 = VECTOR ( 'NONE', #1513, 1000.000000000000000 ) ;
#2245 = ORIENTED_EDGE ( 'NONE', *, *, #2151, .T. ) ;
#2246 = CARTESIAN_POINT ( 'NONE',  ( -2.019000000000000100, -2.019000000000000100, 0.05099999999999999700 ) ) ;
#2247 = AXIS2_PLACEMENT_3D ( 'NONE', #1120, #1750, #483 ) ;
#2248 = CARTESIAN_POINT ( 'NONE',  ( 2.019000000000000100, 0.3479999999999999800, 0.0000000000000000000 ) ) ;
#2249 = LINE ( 'NONE', #1200, #120 ) ;
#2250 = ORIENTED_EDGE ( 'NONE', *, *, #514, .F. ) ;
#2251 = DIRECTION ( 'NONE',  ( 0.0000000000000000000, 0.0000000000000000000, 1.000000000000000000 ) ) ;
#2252 = CARTESIAN_POINT ( 'NONE',  ( 0.6530000000000000200, -1.510999999999999900, 0.05099999999999999700 ) ) ;
#2253 = AXIS2_PLACEMENT_3D ( 'NONE', #2713, #358, #1842 ) ;
#2254 = VECTOR ( 'NONE', #915, 1000.000000000000000 ) ;
#2255 = PRESENTATION_STYLE_ASSIGNMENT (( #1269 ) ) ;
#2256 = DIRECTION ( 'NONE',  ( -0.0000000000000000000, -0.0000000000000000000, -1.000000000000000000 ) ) ;
#2257 = DIRECTION ( 'NONE',  ( -1.000000000000000000, 0.0000000000000000000, 0.0000000000000000000 ) ) ;
#2258 = EDGE_LOOP ( 'NONE', ( #1588, #475, #1369, #1045 ) ) ;
#2259 = EDGE_CURVE ( 'NONE', #49, #1408, #1733, .T. ) ;
#2260 = DIRECTION ( 'NONE',  ( -1.000000000000000000, 0.0000000000000000000, -0.0000000000000000000 ) ) ;
#2261 = DIRECTION ( 'NONE',  ( 0.0000000000000000000, -0.0000000000000000000, -1.000000000000000000 ) ) ;
#2262 = DIRECTION ( 'NONE',  ( 0.0000000000000000000, 1.000000000000000000, 0.0000000000000000000 ) ) ;
#2263 = ADVANCED_FACE ( 'NONE', ( #2734 ), #760, .T. ) ;
#2264 = EDGE_CURVE ( 'NONE', #729, #1433, #2157, .T. ) ;
#2265 = ORIENTED_EDGE ( 'NONE', *, *, #1274, .T. ) ;
#2266 = ADVANCED_FACE ( 'NONE', ( #533 ), #1825, .T. ) ;
#2267 = DIRECTION ( 'NONE',  ( 0.0000000000000000000, 0.0000000000000000000, 1.000000000000000000 ) ) ;
#2268 = CARTESIAN_POINT ( 'NONE',  ( -2.019000000000000100, -0.6530000000000000200, 0.0000000000000000000 ) ) ;
#2269 = DIRECTION ( 'NONE',  ( 0.0000000000000000000, 0.0000000000000000000, 1.000000000000000000 ) ) ;
#2270 = DIRECTION ( 'NONE',  ( -1.000000000000000000, -0.0000000000000000000, -0.0000000000000000000 ) ) ;
#2271 = CARTESIAN_POINT ( 'NONE',  ( -1.510999999999999900, 1.153000000000000000, 0.0000000000000000000 ) ) ;
#2272 = VERTEX_POINT ( 'NONE', #1405 ) ;
#2273 = VECTOR ( 'NONE', #1851, 1000.000000000000000 ) ;
#2274 = VERTEX_POINT ( 'NONE', #2252 ) ;
#2275 = ADVANCED_FACE ( 'NONE', ( #2085 ), #2467, .T. ) ;
#2276 = CARTESIAN_POINT ( 'NONE',  ( -1.510999999999999900, 1.153000000000000000, 0.05099999999999999700 ) ) ;
#2277 = DIRECTION ( 'NONE',  ( -1.000000000000000000, -0.0000000000000000000, -0.0000000000000000000 ) ) ;
#2278 = ORIENTED_EDGE ( 'NONE', *, *, #360, .F. ) ;
#2279 = VECTOR ( 'NONE', #2335, 1000.000000000000000 ) ;
#2280 = CARTESIAN_POINT ( 'NONE',  ( 0.8479999999999999800, -1.510999999999999900, 0.0000000000000000000 ) ) ;
#2281 = CARTESIAN_POINT ( 'NONE',  ( -1.153000000000000000, 1.510999999999999900, 0.0000000000000000000 ) ) ;
#2282 = PRESENTATION_LAYER_ASSIGNMENT (  '', '', ( #2011 ) ) ;
#2283 = FACE_OUTER_BOUND ( 'NONE', #1462, .T. ) ;
#2284 = LINE ( 'NONE', #2013, #2735 ) ;
#2285 = VERTEX_POINT ( 'NONE', #768 ) ;
#2286 = EDGE_CURVE ( 'NONE', #348, #1964, #2665, .T. ) ;
#2287 = EDGE_LOOP ( 'NONE', ( #222, #1180, #1402, #2201 ) ) ;
#2288 = VECTOR ( 'NONE', #1004, 1000.000000000000000 ) ;
#2289 = DIRECTION ( 'NONE',  ( 1.000000000000000000, -0.0000000000000000000, 0.0000000000000000000 ) ) ;
#2290 = PLANE ( 'NONE',  #1834 ) ;
#2291 = VECTOR ( 'NONE', #2149, 1000.000000000000000 ) ;
#2292 = DIRECTION ( 'NONE',  ( 1.000000000000000000, 0.0000000000000000000, -0.0000000000000000000 ) ) ;
#2293 = DIRECTION ( 'NONE',  ( -1.000000000000000000, 0.0000000000000000000, 0.0000000000000000000 ) ) ;
#2294 = ADVANCED_FACE ( 'NONE', ( #472 ), #575, .T. ) ;
#2295 = ORIENTED_EDGE ( 'NONE', *, *, #1009, .T. ) ;
#2296 = DIRECTION ( 'NONE',  ( 0.0000000000000000000, -0.0000000000000000000, 1.000000000000000000 ) ) ;
#2297 = UNCERTAINTY_MEASURE_WITH_UNIT (LENGTH_MEASURE( 1.000000000000000100E-005 ), #2015, 'distance_accuracy_value', 'NONE');
#2298 = DIRECTION ( 'NONE',  ( 0.0000000000000000000, 1.000000000000000000, -0.0000000000000000000 ) ) ;
#2299 = ORIENTED_EDGE ( 'NONE', *, *, #419, .T. ) ;
#2300 = EDGE_LOOP ( 'NONE', ( #129, #1894, #1126, #1758 ) ) ;
#2301 = EDGE_CURVE ( 'NONE', #1433, #1826, #1026, .T. ) ;
#2302 = ORIENTED_EDGE ( 'NONE', *, *, #1309, .F. ) ;
#2303 = STYLED_ITEM ( 'NONE', ( #1808 ), #2629 ) ;
#2304 = ADVANCED_FACE ( 'NONE', ( #1598 ), #135, .T. ) ;
#2305 =( NAMED_UNIT ( * ) SI_UNIT ( $, .STERADIAN. ) SOLID_ANGLE_UNIT ( ) );
#2306 = MECHANICAL_DESIGN_GEOMETRIC_PRESENTATION_REPRESENTATION (  '', ( #1884 ), #2452 ) ;
#2307 = ORIENTED_EDGE ( 'NONE', *, *, #1794, .T. ) ;
#2308 = PLANE ( 'NONE',  #2640 ) ;
#2309 = DIRECTION ( 'NONE',  ( 0.0000000000000000000, 0.0000000000000000000, 1.000000000000000000 ) ) ;
#2310 = ORIENTED_EDGE ( 'NONE', *, *, #2685, .T. ) ;
#2311 = CARTESIAN_POINT ( 'NONE',  ( 1.510999999999999900, -0.8479999999999999800, 0.0000000000000000000 ) ) ;
#2312 = VECTOR ( 'NONE', #364, 1000.000000000000000 ) ;
#2313 = VERTEX_POINT ( 'NONE', #785 ) ;
#2314 = DIRECTION ( 'NONE',  ( -1.000000000000000000, -0.0000000000000000000, -0.0000000000000000000 ) ) ;
#2315 = LINE ( 'NONE', #1518, #1695 ) ;
#2316 = ORIENTED_EDGE ( 'NONE', *, *, #985, .T. ) ;
#2317 = DIRECTION ( 'NONE',  ( 0.0000000000000000000, 1.000000000000000000, 0.0000000000000000000 ) ) ;
#2318 = CARTESIAN_POINT ( 'NONE',  ( 2.019000000000000100, 0.1520000000000000000, 0.05099999999999999700 ) ) ;
#2319 = LINE ( 'NONE', #2114, #1391 ) ;
#2320 = LINE ( 'NONE', #553, #2055 ) ;
#2321 = EDGE_CURVE ( 'NONE', #1826, #13, #389, .T. ) ;
#2322 = CARTESIAN_POINT ( 'NONE',  ( 1.510999999999999900, -0.6530000000000000200, 0.05099999999999999700 ) ) ;
#2323 = CARTESIAN_POINT ( 'NONE',  ( -0.3479999999999999800, -2.019000000000000100, 0.05099999999999999700 ) ) ;
#2324 = AXIS2_PLACEMENT_3D ( 'NONE', #650, #2584, #2706 ) ;
#2325 = CARTESIAN_POINT ( 'NONE',  ( 0.3479999999999999800, -1.510999999999999900, 0.05099999999999999700 ) ) ;
#2326 = VECTOR ( 'NONE', #326, 1000.000000000000000 ) ;
#2327 = CARTESIAN_POINT ( 'NONE',  ( -1.153000000000000000, 2.019000000000000100, 0.0000000000000000000 ) ) ;
#2328 = FILL_AREA_STYLE ('',( #1277 ) ) ;
#2329 = CARTESIAN_POINT ( 'NONE',  ( 0.6530000000000000200, -2.019000000000000100, 0.0000000000000000000 ) ) ;
#2330 =( GEOMETRIC_REPRESENTATION_CONTEXT ( 3 ) GLOBAL_UNCERTAINTY_ASSIGNED_CONTEXT ( ( #716 ) ) GLOBAL_UNIT_ASSIGNED_CONTEXT ( ( #415, #810, #1051 ) ) REPRESENTATION_CONTEXT ( 'NONE', 'WORKASPACE' ) );
#2331 = VECTOR ( 'NONE', #1587, 1000.000000000000000 ) ;
#2332 = DIRECTION ( 'NONE',  ( 1.000000000000000000, 0.0000000000000000000, -0.0000000000000000000 ) ) ;
#2333 = ORIENTED_EDGE ( 'NONE', *, *, #1637, .T. ) ;
#2334 = DIRECTION ( 'NONE',  ( 1.000000000000000000, 0.0000000000000000000, -0.0000000000000000000 ) ) ;
#2335 = DIRECTION ( 'NONE',  ( -0.0000000000000000000, 0.0000000000000000000, 1.000000000000000000 ) ) ;
#2336 = DIRECTION ( 'NONE',  ( -0.0000000000000000000, 0.0000000000000000000, -1.000000000000000000 ) ) ;
#2337 = SURFACE_STYLE_USAGE ( .BOTH. , #1925 ) ;
#2338 = CARTESIAN_POINT ( 'NONE',  ( 2.019000000000000100, -0.1520000000000000000, 0.0000000000000000000 ) ) ;
#2339 = VERTEX_POINT ( 'NONE', #586 ) ;
#2340 = DIRECTION ( 'NONE',  ( -1.000000000000000000, 0.0000000000000000000, -0.0000000000000000000 ) ) ;
#2341 = ORIENTED_EDGE ( 'NONE', *, *, #56, .F. ) ;
#2342 = EDGE_CURVE ( 'NONE', #414, #1616, #959, .T. ) ;
#2343 = DIRECTION ( 'NONE',  ( -0.0000000000000000000, 0.0000000000000000000, 1.000000000000000000 ) ) ;
#2344 = PLANE ( 'NONE',  #893 ) ;
#2345 = PLANE ( 'NONE',  #492 ) ;
#2346 = EDGE_CURVE ( 'NONE', #42, #773, #897, .T. ) ;
#2347 = AXIS2_PLACEMENT_3D ( 'NONE', #1535, #2595, #1107 ) ;
#2348 = CARTESIAN_POINT ( 'NONE',  ( 0.1520000000000000000, -2.019000000000000100, 0.05099999999999999700 ) ) ;
#2349 = DIRECTION ( 'NONE',  ( 1.000000000000000000, 0.0000000000000000000, -0.0000000000000000000 ) ) ;
#2350 = FACE_OUTER_BOUND ( 'NONE', #889, .T. ) ;
#2351 = EDGE_LOOP ( 'NONE', ( #1784, #2435, #280, #101 ) ) ;
#2352 = EDGE_LOOP ( 'NONE', ( #2191, #325, #2440, #819 ) ) ;
#2353 = DIRECTION ( 'NONE',  ( -0.0000000000000000000, 0.0000000000000000000, 1.000000000000000000 ) ) ;
#2354 = CARTESIAN_POINT ( 'NONE',  ( 0.8479999999999999800, -2.019000000000000100, 0.0000000000000000000 ) ) ;
#2355 = VECTOR ( 'NONE', #2383, 1000.000000000000000 ) ;
#2356 = CARTESIAN_POINT ( 'NONE',  ( 2.019000000000000100, -2.019000000000000100, 0.05099999999999999700 ) ) ;
#2357 = ORIENTED_EDGE ( 'NONE', *, *, #193, .T. ) ;
#2358 = FILL_AREA_STYLE_COLOUR ( '', #2698 ) ;
#2359 = ORIENTED_EDGE ( 'NONE', *, *, #2409, .T. ) ;
#2360 = FACE_OUTER_BOUND ( 'NONE', #1653, .T. ) ;
#2361 = ORIENTED_EDGE ( 'NONE', *, *, #2644, .F. ) ;
#2362 = EDGE_CURVE ( 'NONE', #418, #1214, #2606, .T. ) ;
#2363 = FILL_AREA_STYLE_COLOUR ( '', #678 ) ;
#2364 = CARTESIAN_POINT ( 'NONE',  ( 1.510999999999999900, -0.1520000000000000000, 0.05099999999999999700 ) ) ;
#2365 = CARTESIAN_POINT ( 'NONE',  ( 1.510999999999999900, 0.1520000000000000000, 0.05099999999999999700 ) ) ;
#2366 = LINE ( 'NONE', #216, #1798 ) ;
#2367 = ORIENTED_EDGE ( 'NONE', *, *, #1350, .T. ) ;
#2368 = ORIENTED_EDGE ( 'NONE', *, *, #1413, .F. ) ;
#2369 = ORIENTED_EDGE ( 'NONE', *, *, #2342, .T. ) ;
#2370 = CARTESIAN_POINT ( 'NONE',  ( 0.3479999999999999800, -2.019000000000000100, 0.0000000000000000000 ) ) ;
#2371 = PRESENTATION_LAYER_ASSIGNMENT (  '', '', ( #2081 ) ) ;
#2372 = DIRECTION ( 'NONE',  ( 0.0000000000000000000, 0.0000000000000000000, 1.000000000000000000 ) ) ;
#2373 = CARTESIAN_POINT ( 'NONE',  ( -0.8479999999999999800, 2.019000000000000100, 0.0000000000000000000 ) ) ;
#2374 = VERTEX_POINT ( 'NONE', #799 ) ;
#2375 = ORIENTED_EDGE ( 'NONE', *, *, #360, .T. ) ;
#2376 = EDGE_LOOP ( 'NONE', ( #1957, #1103, #680, #752 ) ) ;
#2377 = DIRECTION ( 'NONE',  ( 0.0000000000000000000, -0.0000000000000000000, -1.000000000000000000 ) ) ;
#2378 = VERTEX_POINT ( 'NONE', #2726 ) ;
#2379 = PLANE ( 'NONE',  #2060 ) ;
#2380 = CARTESIAN_POINT ( 'NONE',  ( 1.510999999999999900, 0.6530000000000000200, 0.0000000000000000000 ) ) ;
#2381 = SURFACE_STYLE_FILL_AREA ( #2328 ) ;
#2382 = ORIENTED_EDGE ( 'NONE', *, *, #2596, .F. ) ;
#2383 = DIRECTION ( 'NONE',  ( 0.0000000000000000000, 0.0000000000000000000, 1.000000000000000000 ) ) ;
#2384 = ORIENTED_EDGE ( 'NONE', *, *, #1146, .T. ) ;
#2385 = ORIENTED_EDGE ( 'NONE', *, *, #787, .F. ) ;
#2386 = FACE_OUTER_BOUND ( 'NONE', #426, .T. ) ;
#2387 = LINE ( 'NONE', #886, #1760 ) ;
#2388 = VERTEX_POINT ( 'NONE', #1015 ) ;
#2389 = PLANE ( 'NONE',  #1781 ) ;
#2390 = VECTOR ( 'NONE', #1810, 1000.000000000000000 ) ;
#2391 =( NAMED_UNIT ( * ) PLANE_ANGLE_UNIT ( ) SI_UNIT ( $, .RADIAN. ) );
#2392 = LINE ( 'NONE', #1611, #1199 ) ;
#2393 = EDGE_CURVE ( 'NONE', #2626, #1591, #251, .T. ) ;
#2394 = CARTESIAN_POINT ( 'NONE',  ( 1.510999999999999900, 1.153000000000000000, 0.0000000000000000000 ) ) ;
#2395 = EDGE_CURVE ( 'NONE', #27, #450, #1965, .T. ) ;
#2396 = EDGE_CURVE ( 'NONE', #348, #449, #1887, .T. ) ;
#2397 = FACE_OUTER_BOUND ( 'NONE', #720, .T. ) ;
#2398 = CARTESIAN_POINT ( 'NONE',  ( -0.3479999999999999800, -1.510999999999999900, 0.0000000000000000000 ) ) ;
#2399 = DIRECTION ( 'NONE',  ( 0.0000000000000000000, -0.0000000000000000000, -1.000000000000000000 ) ) ;
#2400 =( GEOMETRIC_REPRESENTATION_CONTEXT ( 3 ) GLOBAL_UNCERTAINTY_ASSIGNED_CONTEXT ( ( #540 ) ) GLOBAL_UNIT_ASSIGNED_CONTEXT ( ( #912, #2391, #1134 ) ) REPRESENTATION_CONTEXT ( 'NONE', 'WORKASPACE' ) );
#2401 = ORIENTED_EDGE ( 'NONE', *, *, #1976, .F. ) ;
#2402 = ADVANCED_FACE ( 'NONE', ( #2525 ), #808, .T. ) ;
#2403 = STYLED_ITEM ( 'NONE', ( #114 ), #2408 ) ;
#2404 = ORIENTED_EDGE ( 'NONE', *, *, #2058, .F. ) ;
#2405 = DIRECTION ( 'NONE',  ( -1.000000000000000000, 0.0000000000000000000, -0.0000000000000000000 ) ) ;
#2406 = ORIENTED_EDGE ( 'NONE', *, *, #771, .F. ) ;
#2407 = EDGE_CURVE ( 'NONE', #414, #1145, #1331, .T. ) ;
#2408 = MANIFOLD_SOLID_BREP ( 'Imported11', #764 ) ;
#2409 = EDGE_CURVE ( 'NONE', #2667, #1157, #1623, .T. ) ;
#2410 = AXIS2_PLACEMENT_3D ( 'NONE', #1647, #2486, #1002 ) ;
#2411 = DIRECTION ( 'NONE',  ( -0.0000000000000000000, -0.0000000000000000000, -1.000000000000000000 ) ) ;
#2412 = VECTOR ( 'NONE', #1554, 1000.000000000000000 ) ;
#2413 = LINE ( 'NONE', #1395, #719 ) ;
#2414 = EDGE_LOOP ( 'NONE', ( #2307, #199, #2669, #2102 ) ) ;
#2415 = ADVANCED_FACE ( 'NONE', ( #2692 ), #2523, .T. ) ;
#2416 = ORIENTED_EDGE ( 'NONE', *, *, #1575, .F. ) ;
#2417 = AXIS2_PLACEMENT_3D ( 'NONE', #812, #1222, #2267 ) ;
#2418 = VECTOR ( 'NONE', #34, 1000.000000000000000 ) ;
#2419 = EDGE_LOOP ( 'NONE', ( #1390, #149, #802, #1127 ) ) ;
#2420 = VECTOR ( 'NONE', #1099, 1000.000000000000000 ) ;
#2421 = EDGE_LOOP ( 'NONE', ( #367, #1020, #1666, #1357 ) ) ;
#2422 = CARTESIAN_POINT ( 'NONE',  ( -1.510999999999999900, 0.6530000000000000200, 0.0000000000000000000 ) ) ;
#2423 =( NAMED_UNIT ( * ) PLANE_ANGLE_UNIT ( ) SI_UNIT ( $, .RADIAN. ) );
#2424 = LINE ( 'NONE', #2489, #227 ) ;
#2425 = VERTEX_POINT ( 'NONE', #1041 ) ;
#2426 = VECTOR ( 'NONE', #228, 1000.000000000000000 ) ;
#2427 = MECHANICAL_DESIGN_GEOMETRIC_PRESENTATION_REPRESENTATION (  '', ( #2011 ), #2593 ) ;
#2428 = ADVANCED_FACE ( 'NONE', ( #2386 ), #2100, .T. ) ;
#2429 = ORIENTED_EDGE ( 'NONE', *, *, #194, .T. ) ;
#2430 = CARTESIAN_POINT ( 'NONE',  ( 1.510999999999999900, 0.8479999999999999800, 0.05099999999999999700 ) ) ;
#2431 = EDGE_CURVE ( 'NONE', #1408, #1375, #1270, .T. ) ;
#2432 = CARTESIAN_POINT ( 'NONE',  ( -0.1520000000000000000, -2.019000000000000100, 0.05099999999999999700 ) ) ;
#2433 = EDGE_LOOP ( 'NONE', ( #2443, #2009, #777, #1113 ) ) ;
#2434 = DIRECTION ( 'NONE',  ( 0.0000000000000000000, 0.0000000000000000000, 1.000000000000000000 ) ) ;
#2435 = ORIENTED_EDGE ( 'NONE', *, *, #1606, .T. ) ;
#2436 = ORIENTED_EDGE ( 'NONE', *, *, #2477, .T. ) ;
#2437 = FILL_AREA_STYLE ('',( #1383 ) ) ;
#2438 = DIRECTION ( 'NONE',  ( 0.0000000000000000000, 1.000000000000000000, 0.0000000000000000000 ) ) ;
#2439 = CARTESIAN_POINT ( 'NONE',  ( 0.8479999999999999800, 2.019000000000000100, 0.0000000000000000000 ) ) ;
#2440 = ORIENTED_EDGE ( 'NONE', *, *, #2393, .T. ) ;
#2441 = EDGE_CURVE ( 'NONE', #581, #462, #501, .T. ) ;
#2442 = FACE_OUTER_BOUND ( 'NONE', #297, .T. ) ;
#2443 = ORIENTED_EDGE ( 'NONE', *, *, #787, .T. ) ;
#2444 = AXIS2_PLACEMENT_3D ( 'NONE', #1693, #636, #2113 ) ;
#2445 = CARTESIAN_POINT ( 'NONE',  ( 0.8479999999999999800, 1.510999999999999900, 0.05099999999999999700 ) ) ;
#2446 = VECTOR ( 'NONE', #2730, 1000.000000000000000 ) ;
#2447 = LINE ( 'NONE', #469, #1812 ) ;
#2448 = PLANE ( 'NONE',  #671 ) ;
#2449 = ORIENTED_EDGE ( 'NONE', *, *, #1646, .F. ) ;
#2450 = VECTOR ( 'NONE', #604, 1000.000000000000000 ) ;
#2451 = VERTEX_POINT ( 'NONE', #1899 ) ;
#2452 =( GEOMETRIC_REPRESENTATION_CONTEXT ( 3 ) GLOBAL_UNCERTAINTY_ASSIGNED_CONTEXT ( ( #236 ) ) GLOBAL_UNIT_ASSIGNED_CONTEXT ( ( #24, #1531, #234 ) ) REPRESENTATION_CONTEXT ( 'NONE', 'WORKASPACE' ) );
#2453 = VECTOR ( 'NONE', #1579, 1000.000000000000000 ) ;
#2454 = EDGE_LOOP ( 'NONE', ( #131, #1064, #2278, #163 ) ) ;
#2455 = LINE ( 'NONE', #134, #321 ) ;
#2456 = CARTESIAN_POINT ( 'NONE',  ( 1.510999999999999900, 0.8479999999999999800, 0.05099999999999999700 ) ) ;
#2457 = DIRECTION ( 'NONE',  ( 0.0000000000000000000, 1.000000000000000000, -0.0000000000000000000 ) ) ;
#2458 = DIRECTION ( 'NONE',  ( 1.000000000000000000, 0.0000000000000000000, -0.0000000000000000000 ) ) ;
#2459 = EDGE_CURVE ( 'NONE', #27, #1073, #2050, .T. ) ;
#2460 = ORIENTED_EDGE ( 'NONE', *, *, #1788, .T. ) ;
#2461 = DIRECTION ( 'NONE',  ( -0.0000000000000000000, -1.000000000000000000, -0.0000000000000000000 ) ) ;
#2462 = DIRECTION ( 'NONE',  ( 1.000000000000000000, 0.0000000000000000000, -0.0000000000000000000 ) ) ;
#2463 = ORIENTED_EDGE ( 'NONE', *, *, #332, .T. ) ;
#2464 = DIRECTION ( 'NONE',  ( 0.0000000000000000000, 0.0000000000000000000, 1.000000000000000000 ) ) ;
#2465 = CARTESIAN_POINT ( 'NONE',  ( 2.019000000000000100, -0.6530000000000000200, 0.05099999999999999700 ) ) ;
#2466 = VERTEX_POINT ( 'NONE', #2323 ) ;
#2467 = PLANE ( 'NONE',  #1700 ) ;
#2468 = DIRECTION ( 'NONE',  ( -0.0000000000000000000, 0.0000000000000000000, -1.000000000000000000 ) ) ;
#2469 = DIRECTION ( 'NONE',  ( 0.0000000000000000000, 0.0000000000000000000, 1.000000000000000000 ) ) ;
#2470 = ORIENTED_EDGE ( 'NONE', *, *, #1606, .F. ) ;
#2471 = ADVANCED_FACE ( 'NONE', ( #928 ), #841, .T. ) ;
#2472 = CARTESIAN_POINT ( 'NONE',  ( -1.510999999999999900, 0.3479999999999999800, 0.0000000000000000000 ) ) ;
#2473 = FACE_OUTER_BOUND ( 'NONE', #328, .T. ) ;
#2474 = LINE ( 'NONE', #2709, #1356 ) ;
#2475 = DIRECTION ( 'NONE',  ( 1.000000000000000000, 0.0000000000000000000, -0.0000000000000000000 ) ) ;
#2476 = VERTEX_POINT ( 'NONE', #1060 ) ;
#2477 = EDGE_CURVE ( 'NONE', #1614, #2476, #1570, .T. ) ;
#2478 = SURFACE_STYLE_FILL_AREA ( #7 ) ;
#2479 = ORIENTED_EDGE ( 'NONE', *, *, #1688, .T. ) ;
#2480 = EDGE_CURVE ( 'NONE', #2052, #2660, #987, .T. ) ;
#2481 = FACE_OUTER_BOUND ( 'NONE', #558, .T. ) ;
#2482 = LINE ( 'NONE', #2445, #1932 ) ;
#2483 = DIRECTION ( 'NONE',  ( -1.000000000000000000, 0.0000000000000000000, 0.0000000000000000000 ) ) ;
#2484 = CARTESIAN_POINT ( 'NONE',  ( 0.6530000000000000200, -1.510999999999999900, 0.0000000000000000000 ) ) ;
#2485 = PLANE ( 'NONE',  #2324 ) ;
#2486 = DIRECTION ( 'NONE',  ( 0.0000000000000000000, 1.000000000000000000, 0.0000000000000000000 ) ) ;
#2487 = LINE ( 'NONE', #1057, #1368 ) ;
#2488 = EDGE_LOOP ( 'NONE', ( #2216, #1704, #1863, #459 ) ) ;
#2489 = CARTESIAN_POINT ( 'NONE',  ( -0.6530000000000000200, -2.019000000000000100, 0.0000000000000000000 ) ) ;
#2490 = ADVANCED_FACE ( 'NONE', ( #866 ), #2120, .T. ) ;
#2491 = LINE ( 'NONE', #121, #793 ) ;
#2492 = MANIFOLD_SOLID_BREP ( 'Imported13', #1544 ) ;
#2493 = CARTESIAN_POINT ( 'NONE',  ( -2.019000000000000100, -2.019000000000000100, 0.8890000000000000100 ) ) ;
#2494 = FACE_OUTER_BOUND ( 'NONE', #544, .T. ) ;
#2495 = ADVANCED_FACE ( 'NONE', ( #1994 ), #2344, .T. ) ;
#2496 = DIRECTION ( 'NONE',  ( 0.0000000000000000000, 0.0000000000000000000, 1.000000000000000000 ) ) ;
#2497 = CARTESIAN_POINT ( 'NONE',  ( 0.6530000000000000200, -2.019000000000000100, 0.05099999999999999700 ) ) ;
#2498 = ORIENTED_EDGE ( 'NONE', *, *, #769, .T. ) ;
#2499 = VERTEX_POINT ( 'NONE', #2134 ) ;
#2500 = CARTESIAN_POINT ( 'NONE',  ( 1.510999999999999900, 1.153000000000000000, 0.05099999999999999700 ) ) ;
#2501 = CARTESIAN_POINT ( 'NONE',  ( -2.019000000000000100, -0.6530000000000000200, 0.0000000000000000000 ) ) ;
#2502 = CARTESIAN_POINT ( 'NONE',  ( -0.1520000000000000000, -2.019000000000000100, 0.05099999999999999700 ) ) ;
#2503 = EDGE_CURVE ( 'NONE', #1528, #2680, #346, .T. ) ;
#2504 = SURFACE_SIDE_STYLE ('',( #83 ) ) ;
#2505 = AXIS2_PLACEMENT_3D ( 'NONE', #412, #2546, #1281 ) ;
#2506 = ORIENTED_EDGE ( 'NONE', *, *, #2106, .F. ) ;
#2507 =( NAMED_UNIT ( * ) PLANE_ANGLE_UNIT ( ) SI_UNIT ( $, .RADIAN. ) );
#2508 = ADVANCED_FACE ( 'NONE', ( #669 ), #1934, .T. ) ;
#2509 = UNCERTAINTY_MEASURE_WITH_UNIT (LENGTH_MEASURE( 1.000000000000000100E-005 ), #617, 'distance_accuracy_value', 'NONE');
#2510 = ORIENTED_EDGE ( 'NONE', *, *, #769, .F. ) ;
#2511 = DIRECTION ( 'NONE',  ( 0.0000000000000000000, -0.0000000000000000000, 1.000000000000000000 ) ) ;
#2512 = MECHANICAL_DESIGN_GEOMETRIC_PRESENTATION_REPRESENTATION (  '', ( #2081 ), #2662 ) ;
#2513 = PLANE ( 'NONE',  #1959 ) ;
#2514 = DIRECTION ( 'NONE',  ( -0.0000000000000000000, -0.0000000000000000000, -1.000000000000000000 ) ) ;
#2515 = FILL_AREA_STYLE_COLOUR ( '', #2601 ) ;
#2516 = CARTESIAN_POINT ( 'NONE',  ( -1.153000000000000000, 2.019000000000000100, 0.0000000000000000000 ) ) ;
#2517 = CARTESIAN_POINT ( 'NONE',  ( 2.019000000000000100, 2.019000000000000100, 0.05099999999999999700 ) ) ;
#2518 = ORIENTED_EDGE ( 'NONE', *, *, #302, .F. ) ;
#2519 = LINE ( 'NONE', #2755, #1386 ) ;
#2520 = COLOUR_RGB ( '',0.7215686274509803800, 0.7215686274509803800, 0.7215686274509803800 ) ;
#2521 = CARTESIAN_POINT ( 'NONE',  ( 1.510999999999999900, 0.6530000000000000200, 0.0000000000000000000 ) ) ;
#2522 = CLOSED_SHELL ( 'NONE', ( #592, #273, #1176, #834, #2723, #150 ) ) ;
#2523 = PLANE ( 'NONE',  #1947 ) ;
#2524 = AXIS2_PLACEMENT_3D ( 'NONE', #948, #981, #776 ) ;
#2525 = FACE_OUTER_BOUND ( 'NONE', #2724, .T. ) ;
#2526 = VECTOR ( 'NONE', #489, 1000.000000000000000 ) ;
#2527 = ADVANCED_FACE ( 'NONE', ( #82 ), #2588, .T. ) ;
#2528 = ORIENTED_EDGE ( 'NONE', *, *, #882, .F. ) ;
#2529 = LINE ( 'NONE', #2329, #1197 ) ;
#2530 = LINE ( 'NONE', #795, #825 ) ;
#2531 = EDGE_LOOP ( 'NONE', ( #1109, #488, #1843, #2549 ) ) ;
#2532 = CARTESIAN_POINT ( 'NONE',  ( 1.153000000000000000, 2.019000000000000100, 0.0000000000000000000 ) ) ;
#2533 = LINE ( 'NONE', #487, #2615 ) ;
#2534 = SURFACE_SIDE_STYLE ('',( #705 ) ) ;
#2535 = MANIFOLD_SOLID_BREP ( 'Imported15', #1086 ) ;
#2536 = LINE ( 'NONE', #110, #1975 ) ;
#2537 = CARTESIAN_POINT ( 'NONE',  ( -0.6530000000000000200, -2.019000000000000100, 0.05099999999999999700 ) ) ;
#2538 = EDGE_LOOP ( 'NONE', ( #2701, #2751, #740, #864 ) ) ;
#2539 = FILL_AREA_STYLE ('',( #626 ) ) ;
#2540 = DIRECTION ( 'NONE',  ( -1.000000000000000000, -0.0000000000000000000, -0.0000000000000000000 ) ) ;
#2541 = VERTEX_POINT ( 'NONE', #1106 ) ;
#2542 = EDGE_CURVE ( 'NONE', #1047, #1982, #954, .T. ) ;
#2543 = EDGE_CURVE ( 'NONE', #869, #253, #599, .T. ) ;
#2544 = DIRECTION ( 'NONE',  ( 0.0000000000000000000, 1.000000000000000000, 0.0000000000000000000 ) ) ;
#2545 = ORIENTED_EDGE ( 'NONE', *, *, #1371, .F. ) ;
#2546 = DIRECTION ( 'NONE',  ( 0.0000000000000000000, -0.0000000000000000000, 1.000000000000000000 ) ) ;
#2547 = CARTESIAN_POINT ( 'NONE',  ( 0.3479999999999999800, -1.510999999999999900, 0.0000000000000000000 ) ) ;
#2548 = EDGE_CURVE ( 'NONE', #450, #1613, #1539, .T. ) ;
#2549 = ORIENTED_EDGE ( 'NONE', *, *, #2107, .T. ) ;
#2550 = VERTEX_POINT ( 'NONE', #2160 ) ;
#2551 = AXIS2_PLACEMENT_3D ( 'NONE', #1608, #93, #1377 ) ;
#2552 = DIRECTION ( 'NONE',  ( -0.0000000000000000000, -0.0000000000000000000, -1.000000000000000000 ) ) ;
#2553 = SURFACE_STYLE_USAGE ( .BOTH. , #1065 ) ;
#2554 = AXIS2_PLACEMENT_3D ( 'NONE', #2380, #1333, #47 ) ;
#2555 = CARTESIAN_POINT ( 'NONE',  ( 2.019000000000000100, 1.153000000000000000, 0.0000000000000000000 ) ) ;
#2556 = DIRECTION ( 'NONE',  ( 0.0000000000000000000, 1.000000000000000000, 0.0000000000000000000 ) ) ;
#2557 = PLANE ( 'NONE',  #123 ) ;
#2558 = AXIS2_PLACEMENT_3D ( 'NONE', #1452, #2293, #1025 ) ;
#2559 = PLANE ( 'NONE',  #721 ) ;
#2560 = DIRECTION ( 'NONE',  ( 0.0000000000000000000, -0.0000000000000000000, -1.000000000000000000 ) ) ;
#2561 = DIRECTION ( 'NONE',  ( 1.000000000000000000, 0.0000000000000000000, -0.0000000000000000000 ) ) ;
#2562 = FACE_OUTER_BOUND ( 'NONE', #113, .T. ) ;
#2563 = VECTOR ( 'NONE', #2228, 1000.000000000000000 ) ;
#2564 = ORIENTED_EDGE ( 'NONE', *, *, #1819, .F. ) ;
#2565 = PLANE ( 'NONE',  #271 ) ;
#2566 = CARTESIAN_POINT ( 'NONE',  ( -1.510999999999999900, 0.6530000000000000200, 0.0000000000000000000 ) ) ;
#2567 = EDGE_CURVE ( 'NONE', #713, #899, #895, .T. ) ;
#2568 = ORIENTED_EDGE ( 'NONE', *, *, #2707, .T. ) ;
#2569 = VECTOR ( 'NONE', #421, 1000.000000000000000 ) ;
#2570 = VECTOR ( 'NONE', #2552, 1000.000000000000000 ) ;
#2571 = EDGE_LOOP ( 'NONE', ( #478, #1257, #2067, #1696 ) ) ;
#2572 = CARTESIAN_POINT ( 'NONE',  ( 0.1520000000000000000, -2.019000000000000100, 0.0000000000000000000 ) ) ;
#2573 = VECTOR ( 'NONE', #1187, 1000.000000000000000 ) ;
#2574 = ORIENTED_EDGE ( 'NONE', *, *, #91, .F. ) ;
#2575 = EDGE_CURVE ( 'NONE', #2757, #2649, #1459, .T. ) ;
#2576 = DIRECTION ( 'NONE',  ( 0.0000000000000000000, -0.0000000000000000000, -1.000000000000000000 ) ) ;
#2577 = CARTESIAN_POINT ( 'NONE',  ( 2.019000000000000100, -1.153000000000000000, 0.0000000000000000000 ) ) ;
#2578 = LINE ( 'NONE', #849, #874 ) ;
#2579 = ORIENTED_EDGE ( 'NONE', *, *, #1916, .F. ) ;
#2580 = FILL_AREA_STYLE ('',( #2743 ) ) ;
#2581 = DIRECTION ( 'NONE',  ( 0.0000000000000000000, 1.000000000000000000, -0.0000000000000000000 ) ) ;
#2582 = VECTOR ( 'NONE', #387, 1000.000000000000000 ) ;
#2583 = CARTESIAN_POINT ( 'NONE',  ( 0.6530000000000000200, -1.510999999999999900, 0.0000000000000000000 ) ) ;
#2584 = DIRECTION ( 'NONE',  ( 1.000000000000000000, 0.0000000000000000000, -0.0000000000000000000 ) ) ;
#2585 = VECTOR ( 'NONE', #828, 1000.000000000000000 ) ;
#2586 = EDGE_LOOP ( 'NONE', ( #728, #1674 ) ) ;
#2587 = CARTESIAN_POINT ( 'NONE',  ( 0.1520000000000000000, -2.019000000000000100, 0.0000000000000000000 ) ) ;
#2588 = PLANE ( 'NONE',  #1461 ) ;
#2589 = CARTESIAN_POINT ( 'NONE',  ( 0.3479999999999999800, -2.019000000000000100, 0.05099999999999999700 ) ) ;
#2590 = CARTESIAN_POINT ( 'NONE',  ( -0.1520000000000000000, -1.510999999999999900, 0.0000000000000000000 ) ) ;
#2591 = SURFACE_SIDE_STYLE ('',( #1573 ) ) ;
#2592 = EDGE_LOOP ( 'NONE', ( #441, #2613, #846, #2574 ) ) ;
#2593 =( GEOMETRIC_REPRESENTATION_CONTEXT ( 3 ) GLOBAL_UNCERTAINTY_ASSIGNED_CONTEXT ( ( #1719 ) ) GLOBAL_UNIT_ASSIGNED_CONTEXT ( ( #263, #1762, #494 ) ) REPRESENTATION_CONTEXT ( 'NONE', 'WORKASPACE' ) );
#2594 = SURFACE_SIDE_STYLE ('',( #1740 ) ) ;
#2595 = DIRECTION ( 'NONE',  ( 0.0000000000000000000, -1.000000000000000000, 0.0000000000000000000 ) ) ;
#2596 = EDGE_CURVE ( 'NONE', #1242, #2274, #2519, .T. ) ;
#2597 = UNCERTAINTY_MEASURE_WITH_UNIT (LENGTH_MEASURE( 1.000000000000000100E-005 ), #1486, 'distance_accuracy_value', 'NONE');
#2598 = DIRECTION ( 'NONE',  ( 0.0000000000000000000, 0.0000000000000000000, -1.000000000000000000 ) ) ;
#2599 = ORIENTED_EDGE ( 'NONE', *, *, #2643, .T. ) ;
#2600 = CARTESIAN_POINT ( 'NONE',  ( 1.510999999999999900, 0.3479999999999999800, 0.0000000000000000000 ) ) ;
#2601 = COLOUR_RGB ( '',0.7215686274509803800, 0.7215686274509803800, 0.7215686274509803800 ) ;
#2602 = ORIENTED_EDGE ( 'NONE', *, *, #782, .T. ) ;
#2603 = VECTOR ( 'NONE', #1475, 1000.000000000000000 ) ;
#2604 = LINE ( 'NONE', #831, #2312 ) ;
#2605 = DIRECTION ( 'NONE',  ( 0.0000000000000000000, 1.000000000000000000, -0.0000000000000000000 ) ) ;
#2606 = LINE ( 'NONE', #596, #1388 ) ;
#2607 = FACE_OUTER_BOUND ( 'NONE', #2419, .T. ) ;
#2608 = CARTESIAN_POINT ( 'NONE',  ( 2.019000000000000100, 0.6530000000000000200, 0.0000000000000000000 ) ) ;
#2609 = LINE ( 'NONE', #1677, #2027 ) ;
#2610 = VECTOR ( 'NONE', #1252, 1000.000000000000000 ) ;
#2611 = CARTESIAN_POINT ( 'NONE',  ( 1.510999999999999900, -0.1520000000000000000, 0.0000000000000000000 ) ) ;
#2612 = SURFACE_STYLE_FILL_AREA ( #2115 ) ;
#2613 = ORIENTED_EDGE ( 'NONE', *, *, #1322, .F. ) ;
#2614 = EDGE_CURVE ( 'NONE', #2466, #994, #1729, .T. ) ;
#2615 = VECTOR ( 'NONE', #1972, 1000.000000000000000 ) ;
#2616 = PRESENTATION_LAYER_ASSIGNMENT (  '', '', ( #2303 ) ) ;
#2617 = LINE ( 'NONE', #747, #836 ) ;
#2618 = DIRECTION ( 'NONE',  ( 0.0000000000000000000, 1.000000000000000000, 0.0000000000000000000 ) ) ;
#2619 = ORIENTED_EDGE ( 'NONE', *, *, #2714, .F. ) ;
#2620 = CARTESIAN_POINT ( 'NONE',  ( -1.510999999999999900, -0.1520000000000000000, 0.0000000000000000000 ) ) ;
#2621 = DIRECTION ( 'NONE',  ( 1.000000000000000000, 0.0000000000000000000, -0.0000000000000000000 ) ) ;
#2622 = ORIENTED_EDGE ( 'NONE', *, *, #2567, .F. ) ;
#2623 = DIRECTION ( 'NONE',  ( 0.0000000000000000000, 1.000000000000000000, 0.0000000000000000000 ) ) ;
#2624 = EDGE_CURVE ( 'NONE', #179, #2680, #818, .T. ) ;
#2625 = AXIS2_PLACEMENT_3D ( 'NONE', #1914, #1710, #204 ) ;
#2626 = VERTEX_POINT ( 'NONE', #1484 ) ;
#2627 = DIRECTION ( 'NONE',  ( 0.0000000000000000000, -0.0000000000000000000, 1.000000000000000000 ) ) ;
#2628 = ADVANCED_FACE ( 'NONE', ( #2442 ), #188, .T. ) ;
#2629 = MANIFOLD_SOLID_BREP ( 'Imported6', #161 ) ;
#2630 = VECTOR ( 'NONE', #1937, 1000.000000000000000 ) ;
#2631 = VECTOR ( 'NONE', #2047, 1000.000000000000000 ) ;
#2632 = VECTOR ( 'NONE', #2774, 1000.000000000000000 ) ;
#2633 = LINE ( 'NONE', #1284, #1505 ) ;
#2634 = ORIENTED_EDGE ( 'NONE', *, *, #353, .T. ) ;
#2635 = CARTESIAN_POINT ( 'NONE',  ( -2.019000000000000100, -0.3479999999999999800, 0.0000000000000000000 ) ) ;
#2636 = DIRECTION ( 'NONE',  ( 0.0000000000000000000, 0.0000000000000000000, 1.000000000000000000 ) ) ;
#2637 = LINE ( 'NONE', #320, #932 ) ;
#2638 = FACE_OUTER_BOUND ( 'NONE', #628, .T. ) ;
#2639 = ORIENTED_EDGE ( 'NONE', *, *, #240, .T. ) ;
#2640 = AXIS2_PLACEMENT_3D ( 'NONE', #410, #1898, #629 ) ;
#2641 = ADVANCED_FACE ( 'NONE', ( #174 ), #845, .T. ) ;
#2642 = LINE ( 'NONE', #1585, #1515 ) ;
#2643 = EDGE_CURVE ( 'NONE', #1212, #484, #2770, .T. ) ;
#2644 = EDGE_CURVE ( 'NONE', #754, #1908, #556, .T. ) ;
#2645 = LINE ( 'NONE', #2108, #2585 ) ;
#2646 = PLANE ( 'NONE',  #1117 ) ;
#2647 = DIRECTION ( 'NONE',  ( 1.000000000000000000, 0.0000000000000000000, -0.0000000000000000000 ) ) ;
#2648 = AXIS2_PLACEMENT_3D ( 'NONE', #2589, #2144, #665 ) ;
#2649 = VERTEX_POINT ( 'NONE', #2338 ) ;
#2650 = CARTESIAN_POINT ( 'NONE',  ( -2.019000000000000100, 0.1520000000000000000, 0.0000000000000000000 ) ) ;
#2651 = ORIENTED_EDGE ( 'NONE', *, *, #1030, .T. ) ;
#2652 = ORIENTED_EDGE ( 'NONE', *, *, #1288, .T. ) ;
#2653 =( LENGTH_UNIT ( ) NAMED_UNIT ( * ) SI_UNIT ( .MILLI., .METRE. ) );
#2654 = ORIENTED_EDGE ( 'NONE', *, *, #76, .T. ) ;
#2655 = ADVANCED_FACE ( 'NONE', ( #1062 ), #856, .T. ) ;
#2656 = EDGE_CURVE ( 'NONE', #994, #2224, #2688, .T. ) ;
#2657 = STYLED_ITEM ( 'NONE', ( #1927 ), #2492 ) ;
#2658 = VECTOR ( 'NONE', #2298, 1000.000000000000000 ) ;
#2659 = PLANE ( 'NONE',  #64 ) ;
#2660 = VERTEX_POINT ( 'NONE', #872 ) ;
#2661 = VECTOR ( 'NONE', #2084, 1000.000000000000000 ) ;
#2662 =( GEOMETRIC_REPRESENTATION_CONTEXT ( 3 ) GLOBAL_UNCERTAINTY_ASSIGNED_CONTEXT ( ( #1874 ) ) GLOBAL_UNIT_ASSIGNED_CONTEXT ( ( #2097, #823, #2305 ) ) REPRESENTATION_CONTEXT ( 'NONE', 'WORKASPACE' ) );
#2663 = PRODUCT_CONTEXT ( 'NONE', #1563, 'mechanical' ) ;
#2664 = EDGE_LOOP ( 'NONE', ( #647, #172, #148, #2747 ) ) ;
#2665 = LINE ( 'NONE', #128, #1663 ) ;
#2666 = VECTOR ( 'NONE', #495, 1000.000000000000000 ) ;
#2667 = VERTEX_POINT ( 'NONE', #2348 ) ;
#2668 = VECTOR ( 'NONE', #1873, 1000.000000000000000 ) ;
#2669 = ORIENTED_EDGE ( 'NONE', *, *, #2110, .T. ) ;
#2670 = PLANE ( 'NONE',  #2551 ) ;
#2671 = DIRECTION ( 'NONE',  ( 1.000000000000000000, 0.0000000000000000000, 0.0000000000000000000 ) ) ;
#2672 = VECTOR ( 'NONE', #1895, 1000.000000000000000 ) ;
#2673 = CARTESIAN_POINT ( 'NONE',  ( 1.153000000000000000, 1.510999999999999900, 0.0000000000000000000 ) ) ;
#2674 = DIRECTION ( 'NONE',  ( -0.0000000000000000000, -0.0000000000000000000, -1.000000000000000000 ) ) ;
#2675 = LINE ( 'NONE', #466, #2096 ) ;
#2676 = ORIENTED_EDGE ( 'NONE', *, *, #2012, .F. ) ;
#2677 = CARTESIAN_POINT ( 'NONE',  ( 1.510999999999999900, -1.153000000000000000, 0.0000000000000000000 ) ) ;
#2678 = EDGE_LOOP ( 'NONE', ( #233, #1384, #311, #2059 ) ) ;
#2679 = ORIENTED_EDGE ( 'NONE', *, *, #1371, .T. ) ;
#2680 = VERTEX_POINT ( 'NONE', #2139 ) ;
#2681 =( NAMED_UNIT ( * ) SI_UNIT ( $, .STERADIAN. ) SOLID_ANGLE_UNIT ( ) );
#2682 = DIRECTION ( 'NONE',  ( 0.0000000000000000000, -0.0000000000000000000, 1.000000000000000000 ) ) ;
#2683 = DIRECTION ( 'NONE',  ( -1.000000000000000000, 0.0000000000000000000, 0.0000000000000000000 ) ) ;
#2684 = CARTESIAN_POINT ( 'NONE',  ( -1.510999999999999900, -0.3479999999999999800, 0.0000000000000000000 ) ) ;
#2685 = EDGE_CURVE ( 'NONE', #2425, #1010, #1961, .T. ) ;
#2686 = EDGE_CURVE ( 'NONE', #214, #179, #1566, .T. ) ;
#2687 = EDGE_CURVE ( 'NONE', #296, #1157, #497, .T. ) ;
#2688 = LINE ( 'NONE', #1091, #2178 ) ;
#2689 = LINE ( 'NONE', #792, #984 ) ;
#2690 = ORIENTED_EDGE ( 'NONE', *, *, #1164, .F. ) ;
#2691 = CARTESIAN_POINT ( 'NONE',  ( 2.019000000000000100, -0.8479999999999999800, 0.05099999999999999700 ) ) ;
#2692 = FACE_OUTER_BOUND ( 'NONE', #1251, .T. ) ;
#2693 = FACE_OUTER_BOUND ( 'NONE', #2287, .T. ) ;
#2694 = CARTESIAN_POINT ( 'NONE',  ( 2.019000000000000100, 2.019000000000000100, 0.8890000000000000100 ) ) ;
#2695 = ORIENTED_EDGE ( 'NONE', *, *, #2286, .F. ) ;
#2696 = DIRECTION ( 'NONE',  ( 0.0000000000000000000, -0.0000000000000000000, -1.000000000000000000 ) ) ;
#2697 = DIRECTION ( 'NONE',  ( 0.0000000000000000000, 1.000000000000000000, 0.0000000000000000000 ) ) ;
#2698 = COLOUR_RGB ( '',0.7215686274509803800, 0.7215686274509803800, 0.7215686274509803800 ) ;
#2699 = PRESENTATION_LAYER_ASSIGNMENT (  '', '', ( #2403 ) ) ;
#2700 = VECTOR ( 'NONE', #1055, 1000.000000000000000 ) ;
#2701 = ORIENTED_EDGE ( 'NONE', *, *, #1819, .T. ) ;
#2702 = ADVANCED_FACE ( 'NONE', ( #1498 ), #1521, .T. ) ;
#2703 = CARTESIAN_POINT ( 'NONE',  ( -1.615000000000000200, 1.500000000000000000, 0.8890000000000000100 ) ) ;
#2704 = FACE_OUTER_BOUND ( 'NONE', #1775, .T. ) ;
#2705 = ORIENTED_EDGE ( 'NONE', *, *, #2480, .T. ) ;
#2706 = DIRECTION ( 'NONE',  ( -0.0000000000000000000, 0.0000000000000000000, -1.000000000000000000 ) ) ;
#2707 = EDGE_CURVE ( 'NONE', #102, #1516, #922, .T. ) ;
#2708 = DIRECTION ( 'NONE',  ( 0.0000000000000000000, 1.000000000000000000, 0.0000000000000000000 ) ) ;
#2709 = CARTESIAN_POINT ( 'NONE',  ( -2.019000000000000100, -0.1520000000000000000, 0.0000000000000000000 ) ) ;
#2710 = UNCERTAINTY_MEASURE_WITH_UNIT (LENGTH_MEASURE( 1.000000000000000100E-005 ), #457, 'distance_accuracy_value', 'NONE');
#2711 = CARTESIAN_POINT ( 'NONE',  ( 1.153000000000000000, 2.019000000000000100, 0.0000000000000000000 ) ) ;
#2712 = CARTESIAN_POINT ( 'NONE',  ( 1.510999999999999900, -0.8479999999999999800, 0.0000000000000000000 ) ) ;
#2713 = CARTESIAN_POINT ( 'NONE',  ( -1.510999999999999900, 0.3479999999999999800, 0.0000000000000000000 ) ) ;
#2714 = EDGE_CURVE ( 'NONE', #1793, #13, #343, .T. ) ;
#2715 = VERTEX_POINT ( 'NONE', #2590 ) ;
#2716 = AXIS2_PLACEMENT_3D ( 'NONE', #2268, #1853, #1836 ) ;
#2717 = ADVANCED_FACE ( 'NONE', ( #424 ), #676, .T. ) ;
#2718 = CARTESIAN_POINT ( 'NONE',  ( -2.019000000000000100, 0.6530000000000000200, 0.05099999999999999700 ) ) ;
#2719 = DIRECTION ( 'NONE',  ( -0.0000000000000000000, -1.000000000000000000, -0.0000000000000000000 ) ) ;
#2720 = CARTESIAN_POINT ( 'NONE',  ( -0.6530000000000000200, -2.019000000000000100, 0.05099999999999999700 ) ) ;
#2721 = CARTESIAN_POINT ( 'NONE',  ( -1.153000000000000000, 2.019000000000000100, 0.0000000000000000000 ) ) ;
#2722 = AXIS2_PLACEMENT_3D ( 'NONE', #1208, #1249, #2468 ) ;
#2723 = ADVANCED_FACE ( 'NONE', ( #1415 ), #232, .T. ) ;
#2724 = EDGE_LOOP ( 'NONE', ( #2166, #681, #269, #1267 ) ) ;
#2725 = ORIENTED_EDGE ( 'NONE', *, *, #2301, .F. ) ;
#2726 = CARTESIAN_POINT ( 'NONE',  ( -0.6530000000000000200, -2.019000000000000100, 0.0000000000000000000 ) ) ;
#2727 = SURFACE_STYLE_USAGE ( .BOTH. , #1644 ) ;
#2728 = CARTESIAN_POINT ( 'NONE',  ( -2.019000000000000100, -0.6530000000000000200, 0.0000000000000000000 ) ) ;
#2729 = VECTOR ( 'NONE', #1021, 1000.000000000000000 ) ;
#2730 = DIRECTION ( 'NONE',  ( 1.000000000000000000, -0.0000000000000000000, 0.0000000000000000000 ) ) ;
#2731 = ORIENTED_EDGE ( 'NONE', *, *, #1131, .F. ) ;
#2732 = ADVANCED_FACE ( 'NONE', ( #2562 ), #894, .T. ) ;
#2733 = EDGE_CURVE ( 'NONE', #1033, #2626, #1923, .T. ) ;
#2734 = FACE_OUTER_BOUND ( 'NONE', #2571, .T. ) ;
#2735 = VECTOR ( 'NONE', #1158, 1000.000000000000000 ) ;
#2736 = DIRECTION ( 'NONE',  ( 0.0000000000000000000, -1.000000000000000000, 0.0000000000000000000 ) ) ;
#2737 = EDGE_LOOP ( 'NONE', ( #2463, #1736, #127, #2599 ) ) ;
#2738 = CARTESIAN_POINT ( 'NONE',  ( -2.019000000000000100, 0.1520000000000000000, 0.0000000000000000000 ) ) ;
#2739 = LINE ( 'NONE', #384, #2668 ) ;
#2740 = ORIENTED_EDGE ( 'NONE', *, *, #2210, .T. ) ;
#2741 = FILL_AREA_STYLE_COLOUR ( '', #696 ) ;
#2742 = FACE_OUTER_BOUND ( 'NONE', #2258, .T. ) ;
#2743 = FILL_AREA_STYLE_COLOUR ( '', #2520 ) ;
#2744 = PLANE ( 'NONE',  #2722 ) ;
#2745 = ADVANCED_FACE ( 'NONE', ( #2473 ), #246, .T. ) ;
#2746 = DIRECTION ( 'NONE',  ( 0.0000000000000000000, -0.0000000000000000000, 1.000000000000000000 ) ) ;
#2747 = ORIENTED_EDGE ( 'NONE', *, *, #722, .F. ) ;
#2748 = ORIENTED_EDGE ( 'NONE', *, *, #588, .F. ) ;
#2749 = DIRECTION ( 'NONE',  ( -0.0000000000000000000, 0.0000000000000000000, 1.000000000000000000 ) ) ;
#2750 = CARTESIAN_POINT ( 'NONE',  ( -1.153000000000000000, 2.019000000000000100, 0.0000000000000000000 ) ) ;
#2751 = ORIENTED_EDGE ( 'NONE', *, *, #1092, .F. ) ;
#2752 = CARTESIAN_POINT ( 'NONE',  ( 2.019000000000000100, -0.8479999999999999800, 0.0000000000000000000 ) ) ;
#2753 = EDGE_CURVE ( 'NONE', #1537, #1793, #274, .T. ) ;
#2754 = DIRECTION ( 'NONE',  ( 1.000000000000000000, 0.0000000000000000000, -0.0000000000000000000 ) ) ;
#2755 = CARTESIAN_POINT ( 'NONE',  ( 0.6530000000000000200, -1.510999999999999900, 0.05099999999999999700 ) ) ;
#2756 = MECHANICAL_DESIGN_GEOMETRIC_PRESENTATION_REPRESENTATION (  '', ( #2303 ), #107 ) ;
#2757 = VERTEX_POINT ( 'NONE', #904 ) ;
#2758 = CLOSED_SHELL ( 'NONE', ( #140, #2402, #947, #1426, #2415, #1992 ) ) ;
#2759 = DIRECTION ( 'NONE',  ( -0.0000000000000000000, -1.000000000000000000, -0.0000000000000000000 ) ) ;
#2760 = CARTESIAN_POINT ( 'NONE',  ( 1.510999999999999900, 0.1520000000000000000, 0.05099999999999999700 ) ) ;
#2761 = AXIS2_PLACEMENT_3D ( 'NONE', #41, #1550, #249 ) ;
#2762 =( LENGTH_UNIT ( ) NAMED_UNIT ( * ) SI_UNIT ( .MILLI., .METRE. ) );
#2763 = CARTESIAN_POINT ( 'NONE',  ( 1.510999999999999900, 0.8479999999999999800, 0.0000000000000000000 ) ) ;
#2764 = ADVANCED_FACE ( 'NONE', ( #212 ), #1955, .T. ) ;
#2765 = DIRECTION ( 'NONE',  ( -0.0000000000000000000, 0.0000000000000000000, 1.000000000000000000 ) ) ;
#2766 =( LENGTH_UNIT ( ) NAMED_UNIT ( * ) SI_UNIT ( .MILLI., .METRE. ) );
#2767 = ORIENTED_EDGE ( 'NONE', *, *, #1939, .F. ) ;
#2768 = SURFACE_STYLE_USAGE ( .BOTH. , #1279 ) ;
#2769 = DIRECTION ( 'NONE',  ( 1.000000000000000000, 0.0000000000000000000, -0.0000000000000000000 ) ) ;
#2770 = LINE ( 'NONE', #2566, #746 ) ;
#2771 = VECTOR ( 'NONE', #143, 1000.000000000000000 ) ;
#2772 = ORIENTED_EDGE ( 'NONE', *, *, #2321, .T. ) ;
#2773 = EDGE_CURVE ( 'NONE', #1905, #548, #1839, .T. ) ;
#2774 = DIRECTION ( 'NONE',  ( -0.0000000000000000000, -1.000000000000000000, -0.0000000000000000000 ) ) ;
#2775 = VECTOR ( 'NONE', #2136, 1000.000000000000000 ) ;
#2776 = CARTESIAN_POINT ( 'NONE',  ( 2.019000000000000100, 2.019000000000000100, 0.05099999999999999700 ) ) ;
#2777 = EDGE_LOOP ( 'NONE', ( #1643, #1168, #156, #1298 ) ) ;
#2778 = LINE ( 'NONE', #2583, #2185 ) ;
#2779 = CARTESIAN_POINT ( 'NONE',  ( 0.1520000000000000000, -1.510999999999999900, 0.0000000000000000000 ) ) ;
#2780 =( NAMED_UNIT ( * ) PLANE_ANGLE_UNIT ( ) SI_UNIT ( $, .RADIAN. ) );
ENDSEC;
END-ISO-10303-21;
